CREATE DATABASE  IF NOT EXISTS `cricket120102053` /*!40100 DEFAULT CHARACTER SET utf8 */;
USE `cricket120102053`;
-- MySQL dump 10.13  Distrib 5.7.9, for Win64 (x86_64)
--
-- Host: localhost    Database: cricket
-- ------------------------------------------------------
-- Server version	5.7.9-log

/*!40101 SET @OLD_CHARACTER_SET_CLIENT=@@CHARACTER_SET_CLIENT */;
/*!40101 SET @OLD_CHARACTER_SET_RESULTS=@@CHARACTER_SET_RESULTS */;
/*!40101 SET @OLD_COLLATION_CONNECTION=@@COLLATION_CONNECTION */;
/*!40101 SET NAMES utf8 */;
/*!40103 SET @OLD_TIME_ZONE=@@TIME_ZONE */;
/*!40103 SET TIME_ZONE='+00:00' */;
/*!40014 SET @OLD_UNIQUE_CHECKS=@@UNIQUE_CHECKS, UNIQUE_CHECKS=0 */;
/*!40014 SET @OLD_FOREIGN_KEY_CHECKS=@@FOREIGN_KEY_CHECKS, FOREIGN_KEY_CHECKS=0 */;
/*!40101 SET @OLD_SQL_MODE=@@SQL_MODE, SQL_MODE='NO_AUTO_VALUE_ON_ZERO' */;
/*!40111 SET @OLD_SQL_NOTES=@@SQL_NOTES, SQL_NOTES=0 */;

--
-- Table structure for table `batting`
--

DROP TABLE IF EXISTS `batting`;
/*!40101 SET @saved_cs_client     = @@character_set_client */;
/*!40101 SET character_set_client = utf8 */;
CREATE TABLE `batting` (
  `batsman` varchar(100) NOT NULL,
  `Outtype` varchar(45) NOT NULL,
  `R` int(11) NOT NULL,
  `BF` int(11) NOT NULL,
  `4s` int(11) NOT NULL,
  `6s` int(11) NOT NULL,
  `sr` float NOT NULL,
  `innings` int(11) NOT NULL,
  `matchid` int(11) NOT NULL,
  PRIMARY KEY (`batsman`,`matchid`),
  KEY `matchid_idx` (`matchid`),
  CONSTRAINT `batsman` FOREIGN KEY (`batsman`) REFERENCES `players` (`pname`) ON DELETE NO ACTION ON UPDATE NO ACTION,
  CONSTRAINT `matchid` FOREIGN KEY (`matchid`) REFERENCES `matches` (`matchid`) ON DELETE NO ACTION ON UPDATE NO ACTION
) ENGINE=InnoDB DEFAULT CHARSET=utf8;
/*!40101 SET character_set_client = @saved_cs_client */;

--
-- Dumping data for table `batting`
--

LOCK TABLES `batting` WRITE;
/*!40000 ALTER TABLE `batting` DISABLE KEYS */;
INSERT INTO `batting` VALUES ('A A Donald','dnb',0,0,0,0,0,2,13),('A A Donald','dnb',0,0,0,0,0,2,17),('A A Donald','dnb',0,0,0,0,0,2,62),('A A Donald','no',3,16,0,0,18.75,1,69),('A A Donald','dnb',0,0,0,0,0,2,89),('A B Agarkar','dnb',0,0,0,0,0,1,62),('A B Agarkar','ro',1,5,0,0,20,2,68),('A B Barath','cb',41,31,9,0,132.26,1,40),('A B de Villiers','no',107,105,8,2,101.9,2,3),('A B de Villiers','cb',52,39,6,1,133.33,2,4),('A B de Villiers','b',96,76,8,3,126.32,1,31),('A B de Villiers','no',31,35,2,0,88.57,2,36),('A B de Villiers','no',9,5,0,1,180,2,39),('A B de Villiers','cb',36,41,4,0,87.8,2,53),('A B de Villiers','st',3,4,0,0,75,1,91),('A B de Villiers','b',77,47,6,4,164,1,92),('A B de Villiers','no',48,63,3,0,76.19,2,93),('A B de Villiers','b',10,15,1,0,66.67,2,95),('A B Dinda','dnb',0,0,0,0,0,2,38),('A B Dinda','b',2,12,0,0,16.67,1,79),('A C Dale','dnb',0,0,0,0,0,2,65),('A C Dale','no',3,5,0,0,60,1,70),('A C Dawson','dnb',0,0,0,0,0,2,84),('A C Gilchrist','cb',57,48,8,1,118.75,1,41),('A C Gilchrist','cb',22,20,2,1,110,1,43),('A C Gilchrist','cb',67,43,9,3,155.81,2,44),('A C Gilchrist','lbw',18,20,2,0,90,1,48),('A C Gilchrist','cb',6,16,1,0,37.5,2,65),('A C Gilchrist','cb',14,28,1,0,50,1,70),('A C Gilchrist','cb',7,9,1,0,77.8,1,85),('A C Gilchrist','cb',98,122,6,1,80.3,2,88),('A C Gilchrist','cb',39,29,6,1,134.48,2,90),('A C Hudson','b',33,26,6,0,126.92,2,17),('A C Hudson','cb',54,80,8,0,67.5,2,74),('A C I Lock','no',2,4,0,0,50,2,20),('A C Parore','ro',27,48,0,0,56.25,1,13),('A C Parore','dnb',0,0,0,0,0,2,66),('A C Parore','no',10,9,1,1,111.11,2,70),('A C Parore','cb',36,34,3,0,105.88,2,71),('A C Parore','dnb',0,0,0,0,0,2,82),('A C Parore','ro',7,12,0,0,58.33,1,83),('A C Voges','cb',3,7,0,0,42.86,1,60),('A C Voges','cb',8,17,0,0,47.06,1,98),('A C Voges','b',30,52,2,0,57.7,1,99),('A C Waller','cb',22,36,1,0,61.11,2,20),('A D Jadeja','cb',53,85,4,1,62.35,2,12),('A D Jadeja','b',1,3,0,0,33.33,2,14),('A D Jadeja','lbw',1,17,0,0,5.88,2,16),('A D Jadeja','dnb',0,0,0,0,0,1,18),('A D Jadeja','no',44,27,3,2,162.96,1,20),('A D Jadeja','cb',16,14,2,0,114.29,1,62),('A D Jadeja','lbw',43,76,3,0,56.58,2,68),('A D Jadeja','cb',45,25,4,2,180,1,73),('A D Mathews','cb',18,20,2,0,90,2,2),('A D Mathews','no',41,35,4,0,117.14,1,6),('A D Mathews','cb',7,17,0,0,41.18,2,27),('A D Mathews','no',71,57,5,1,124.56,1,29),('A D Mathews','cb',14,34,1,0,41.18,1,30),('A D Mathews','no',21,25,0,0,84,2,31),('A D Mathews','no',33,28,2,0,117.86,1,33),('A D Mathews','cb',2,11,0,0,18.18,2,52),('A D Mathews','no',55,61,4,0,90.16,1,76),('A D Mathews','dnb',0,0,0,0,0,2,79),('A D Mathews','cb',0,2,0,0,0,2,80),('A D Mullally','dnb',0,0,0,0,0,2,61),('A D Mullally','dnb',0,0,0,0,0,2,67),('A D R Campbell','cb',28,55,4,0,50.91,2,20),('A D R Campbell','lbw',7,25,0,0,28,1,47),('A D R Campbell','no',33,50,5,0,66,2,63),('A D R Campbell','st',24,29,3,0,82.76,1,68),('A D R Campbell','cb',4,10,0,0,40,1,81),('A D R Campbell','cb',111,133,9,1,83.46,1,82),('A D R Campbell','b',2,13,0,0,15.38,2,83),('A D R Campbell','cb',81,105,4,1,77.14,1,87),('A D R Campbell','cb',30,54,3,0,55.56,1,90),('A D Russell','lbw',49,46,2,3,106.52,2,5),('A D Russell','cb',0,5,0,0,0,2,7),('A D Russell','lbw',49,46,2,3,106.52,2,8),('A D Russell','cb',29,16,2,2,181.25,1,25),('A D Russell','no',59,40,6,3,147.5,1,26),('A D Russell','cb',34,32,4,0,106.25,1,40),('A D S Fletcher','cb',0,6,0,0,0,1,56),('A F Milne','dnb',0,0,0,0,0,1,96),('A Flintoff','dnb',0,0,0,0,0,2,61),('A Flintoff','dnb',0,0,0,0,0,2,67),('A Flower','b',28,40,1,0,70,2,20),('A Flower','lbw',38,51,1,0,74.51,2,45),('A Flower','b',63,101,5,0,62.38,1,47),('A Flower','ro',37,61,5,0,60.66,1,50),('A Flower','cb',34,46,3,0,73.91,2,63),('A Flower','no',68,85,2,0,80,1,68),('A Flower','cb',3,11,0,0,27.27,1,81),('A Flower','cb',15,10,2,0,150,1,82),('A Flower','cb',81,86,10,0,94.19,2,83),('A Flower','cb',33,42,2,0,78.57,1,87),('A Flower','cb',23,33,0,0,69.7,1,90),('A G Davies','no',8,11,0,0,72.73,1,65),('A J Bichel','no',19,21,0,1,90.48,1,43),('A J Bichel','cb',64,83,7,1,77.11,1,48),('A J Finch','cb',26,32,6,0,81.25,1,98),('A J Finch','lbw',0,1,0,0,0,1,99),('A J Hollioake','dnb',0,0,0,0,0,2,61),('A J Mackay','dnb',0,0,0,0,0,1,82),('A J McKay','no',0,5,0,0,0,1,36),('A J McKay','no',2,6,0,0,33.33,1,39),('A J Redmond','cb',31,55,5,0,56.36,2,58),('A J Redmond','st',26,45,3,0,57.78,1,59),('A J Stewart','cb',34,71,3,0,47.89,2,11),('A J Stewart','ro',7,29,0,0,24.14,2,15),('A J Stewart','cb',88,146,6,0,60.27,2,61),('A J Stewart','b',23,26,4,0,88.46,2,67),('A J Stewart','b',17,38,0,0,44.74,1,72),('A J Strauss','cb',31,39,3,1,79.49,1,5),('A J Strauss','cb',31,39,3,1,79.49,1,8),('A J Strauss','cb',25,37,5,0,67.57,1,53),('A J Strauss','cb',0,2,0,0,0,1,54),('A J Strauss','cb',14,10,1,1,140,1,57),('A Kumble','dnb',0,0,0,0,0,2,12),('A Kumble','dnb',0,0,0,0,0,2,14),('A Kumble','b',17,22,3,0,77.27,2,16),('A Kumble','dnb',0,0,0,0,0,1,18),('A Kumble','dnb',0,0,0,0,0,1,20),('A Kumble','dnb',0,0,0,0,0,1,62),('A Kumble','no',1,1,0,0,100,2,68),('A Kumble','cb',10,6,2,0,166.67,1,73),('A M Blignaut','cb',1,5,0,0,20,2,45),('A M Blignaut','ro',4,8,0,0,50,1,47),('A M Blignaut','ro',4,5,0,0,80,1,50),('A M Ellis','b',28,37,2,0,75.68,2,26),('A M Ellis','b',33,30,4,0,110,1,32),('A M Ellis','cb',19,30,0,1,63.33,1,36),('A M Ellis','cb',2,2,0,0,100,1,39),('A M Nayar','no',0,7,0,0,0,2,56),('A M Rahane','cb',8,17,1,0,47.1,2,91),('A Mishra','dnb',0,0,0,0,0,2,56),('A Mishra','dnb',0,0,0,0,0,2,100),('A N Cook','lbw',18,18,3,0,100,2,21),('A N Petersen','cb',37,39,4,1,94.87,1,31),('A Nehra','cb',0,3,0,0,0,1,4),('A Nehra','no',8,4,2,0,200,2,41),('A Nehra','no',0,0,0,0,0,2,51),('A Nehra','dnb',0,0,0,0,0,2,56),('A Nehra','no',2,2,0,0,100,2,60),('A Nehra','dnb',0,0,0,0,0,2,77),('A Nehra','dnb',0,0,0,0,0,2,78),('A Nehra','dnb',0,0,0,0,0,1,80),('A O Suji','cb',1,2,0,0,50,1,44),('A O Suji','no',3,4,0,0,75,1,63),('A O Suji','b',4,5,0,0,80,1,67),('A P Devcich','cb',46,38,8,0,121.05,1,96),('A P Devcich','cb',19,44,2,0,43.18,2,97),('A P Gurusinha','ro',25,27,2,1,92.59,2,18),('A P Gurusinha','ro',45,63,5,0,71.43,2,72),('A R Adams','b',0,6,0,0,0,2,48),('A R Cusack','lbw',0,9,0,0,0,1,22),('A R Kapoor','dnb',0,0,0,0,0,2,14),('A R Whittall','dnb',0,0,0,0,0,2,63),('A Ranatunga','no',46,63,2,0,73.02,2,18),('A Ranatunga','cb',32,42,1,1,76.19,1,61),('A Ranatunga','cb',7,19,1,0,36.84,2,69),('A Ranatunga','lbw',25,17,5,0,147.06,2,72),('A S Hansra','b',6,19,0,0,31.58,1,24),('A Symonds','no',91,118,7,1,77.12,1,43),('A Symonds','no',33,49,5,1,67.35,2,44),('A Symonds','no',38,26,3,0,146,1,85),('A Symonds','dnb',0,0,0,0,0,2,88),('A Symonds','dnb',0,0,0,0,0,2,90),('A T Rayudu','no',63,84,4,0,75,2,100),('A V Vadher','cb',54,90,5,1,60,1,63),('A V Vadher','b',6,19,1,0,31.58,1,67),('A Y A Karim','no',6,11,0,0,54.55,1,12),('A Y A Karim','no',0,1,0,0,0,2,42),('A Y A Karim','no',19,19,2,1,100,1,63),('A Y A Karim','b',9,17,1,0,52.94,1,67),('Aamir Sohail','cb',111,139,8,0,79.86,1,17),('Aamir Sohail','cb',50,62,10,0,80.65,1,71),('Aamir Sohail','b',55,46,9,1,119.57,2,73),('Aaqib Javed','dnb',0,0,0,0,0,1,71),('Aaqib Javed','no',6,10,0,0,60,2,73),('Abdul Razzaq','cb',3,4,0,0,75,1,2),('Abdul Razzaq','b',7,34,1,0,20.59,1,64),('Abdul Razzaq','no',26,46,2,0,56.52,2,76),('Abdul Razzaq','cb',3,5,0,0,60,1,78),('Abdur Razzak','lbw',1,5,0,0,20,2,1),('Abdur Razzak','b',1,3,0,0,33.33,2,37),('Abdur Razzak','dnb',0,0,0,0,0,2,96),('Abdur Razzak','no',4,4,0,0,100,1,97),('Abdur Rehman','dnb',0,0,0,0,0,1,2),('Abdur Rehman','cb',22,40,2,0,55,1,93),('Ahmed Shehzad','cb',13,23,2,0,56.52,1,2),('Ahmed Shehzad','cb',0,3,0,0,0,1,93),('Ahmed Shehzad','cb',35,70,3,0,50,1,95),('Aizaz Cheema','dnb',0,0,0,0,0,1,37),('Aizaz Cheema','dnb',0,0,0,0,0,1,38),('Akram Khan','cb',16,33,2,0,48.48,1,66),('Aminul Islam','b',15,41,2,0,36.59,1,66),('Amir Hamza','no',3,9,0,0,33.33,2,22),('Amir Hamza','cb',0,6,0,0,0,1,34),('Anwar Ali','cb',1,2,0,0,50,1,93),('Anwar Ali','no',43,55,6,0,78.18,1,95),('Asad Shafiq','lbw',20,21,5,0,95.24,2,34),('Asad Shafiq','cb',4,6,0,0,66.67,1,37),('Asad Shafiq','cb',1,5,0,0,20,1,93),('Asghar Stanikzai','b',0,4,0,0,0,2,22),('Asim Butt','dnb',0,0,0,0,0,1,65),('Ata-Ur-Rehman','lbw',0,1,0,0,0,2,73),('Azhar Mahmood','cb',37,51,1,2,72.55,1,64),('B A Murphy','no',7,30,0,0,23.33,1,81),('B A Murphy','dnb',0,0,0,0,0,1,82),('B A Murphy','no',0,2,0,0,0,2,83),('B A Murphy','no',1,1,0,0,100,1,87),('B A Murphy','dnb',0,0,0,0,0,1,90),('B A Stokes','cb',27,25,2,1,108,2,98),('B A Stokes','b',25,29,3,0,86.2,2,99),('B A W Mendis','no',0,2,0,0,0,1,6),('B A W Mendis','cb',3,6,0,0,50,2,52),('B B McCullum','cb',14,16,2,0,87.5,2,6),('B B McCullum','cb',10,18,1,0,55.56,2,25),('B B McCullum','cb',33,34,7,0,97.06,2,26),('B B McCullum','lbw',3,3,0,0,100,1,32),('B B McCullum','cb',85,96,11,2,88.54,1,36),('B B McCullum','cb',47,59,6,0,79.66,1,39),('B B McCullum','b',4,16,0,0,25,1,46),('B B McCullum','lbw',1,7,0,0,14.29,2,48),('B B McCullum','cb',46,72,5,0,63.89,1,52),('B B McCullum','cb',48,39,4,3,123.08,2,54),('B B McCullum','cb',17,16,1,1,106.25,2,58),('B B McCullum','cb',0,14,0,0,0,1,59),('B B McCullum','lbw',14,18,1,0,77.78,2,97),('B C Lara','cb',2,5,0,0,40,1,14),('B C Lara','cb',60,70,7,0,85.71,2,19),('B C Lara','cb',11,9,2,0,122.22,2,64),('B C Lara','cb',111,94,16,0,118.09,1,74),('B C Lara','b',45,45,4,0,100,2,75),('B C Lara','lbw',0,7,0,0,0,2,81),('B C Lara','cb',28,48,4,0,58.3,2,85),('B C Lara','cb',21,34,2,0,61.76,2,87),('B C Lara','cb',19,29,3,0,65.5,1,88),('B C Strang','lbw',3,13,0,0,23.08,2,20),('B C Strang','cb',1,17,0,0,5.88,1,81),('B C Strang','dnb',0,0,0,0,0,1,82),('B C Strang','b',0,3,0,0,0,2,83),('B G K Walker','dnb',0,0,0,0,0,2,82),('B J Haddin','cb',53,62,6,1,85.48,1,9),('B J Patel','cb',0,1,0,0,0,1,44),('B J Watling','no',72,62,4,2,116.13,2,23),('B K V Prasad','dnb',0,0,0,0,0,2,12),('B K Venkatesh Prasad','cb',0,2,0,0,0,2,16),('B K Venkatesh Prasad','dnb',0,0,0,0,0,1,20),('B K Venkatesh Prasad','dnb',0,0,0,0,0,1,62),('B K Venkatesh Prasad','lbw',0,1,0,0,0,2,68),('B K Venkatesh Prasad','no',0,0,0,0,0,1,73),('B Kumar','cb',0,4,0,0,0,2,92),('B Kumar','dnb',0,0,0,0,0,2,94),('B Lee','dnb',0,0,0,0,0,1,9),('B Lee','no',20,11,0,1,181.82,1,21),('B Lee','cb',59,48,5,5,122.92,2,40),('B Lee','no',15,6,0,2,250,1,48),('B Lee','no',12,15,1,0,80,2,55),('B Lee','dnb',0,0,0,0,0,2,57),('B Lee','dnb',0,0,0,0,0,2,59),('B Lee','b',0,3,0,0,0,1,60),('B Lee','dnb',0,0,0,0,0,2,88),('B Lee','dnb',0,0,0,0,0,2,90),('B M A Mendis','no',45,40,3,1,112.5,1,29),('B M A Mendis','b',17,16,2,0,106.25,1,30),('B M McMillan','no',2,10,0,0,20,2,13),('B M McMillan','b',11,17,0,0,64.71,1,15),('B M McMillan','lbw',1,4,0,0,25,2,17),('B M McMillan','lbw',6,7,0,0,85.71,2,74),('B M W Patterson','cb',10,36,2,0,27.78,1,65),('B R M Taylor','cb',58,68,8,1,85.29,2,32),('B R M Taylor','cb',12,15,1,0,80,1,100),('B W Hilfenhaus','no',0,3,0,0,0,2,40),('Bilawal Bhatti','cb',1,9,0,0,11.1,1,93),('Bilawal Bhatti','lbw',39,25,3,2,156,1,95),('C A Ingram','lbw',1,4,0,0,25,1,31),('C A Walsh','no',9,11,2,0,81.82,1,14),('C A Walsh','dnb',0,0,0,0,0,2,19),('C A Walsh','no',0,1,0,0,0,2,64),('C A Walsh','dnb',0,0,0,0,0,1,74),('C A Walsh','b',0,1,0,0,0,2,75),('C B Wishart','b',43,71,4,0,60.56,2,45),('C B Wishart','cb',5,7,0,0,71.43,1,47),('C B Wishart','cb',30,50,4,0,60,1,50),('C D McMillan','cb',0,2,0,0,0,1,46),('C D McMillan','cb',8,16,1,0,50,2,50),('C D McMillan','cb',20,26,4,0,76.92,2,66),('C D McMillan','cb',29,55,3,0,52.73,2,70),('C D McMillan','dnb',0,0,0,0,0,2,82),('C D McMillan','no',75,53,7,3,141.51,1,83),('C de Grandhomme','ro',36,36,1,3,100,1,39),('C E Cuffy','cb',0,2,0,0,0,2,81),('C E Cuffy','dnb',0,0,0,0,0,2,85),('C E Cuffy','no',1,2,0,0,50,2,87),('C E L Ambrose','cb',8,15,1,0,53.33,1,14),('C E L Ambrose','dnb',0,0,0,0,0,2,19),('C E L Ambrose','cb',1,9,0,0,11.11,2,64),('C E L Ambrose','no',0,1,0,0,0,1,74),('C E L Ambrose','ro',2,2,0,0,100,2,75),('C H Gayle','cb',2,3,0,0,66.67,1,3),('C H Gayle','lbw',43,21,8,1,204.76,2,5),('C H Gayle','lbw',43,21,8,1,204.76,2,8),('C H Gayle','cb',125,107,8,9,116.82,1,23),('C H Gayle','lbw',16,17,1,1,94.12,1,25),('C H Gayle','cb',5,12,1,0,41.67,1,26),('C J Anderson','cb',1,4,0,0,25,1,96),('C J Anderson','cb',37,40,5,1,92.5,2,97),('C J Ferguson','b',7,18,0,0,38.89,2,55),('C J Ferguson','dnb',0,0,0,0,0,2,57),('C J Ferguson','dnb',0,0,0,0,0,2,59),('C J Jordan','cb',14,25,1,0,56,2,98),('C J McKay','ro',3,3,0,0,100,1,35),('C J McKay','cb',2,12,0,0,16.67,2,40),('C J McKay','cb',5,16,0,0,31.25,1,98),('C J McKay','b',2,12,0,0,16.7,1,99),('C K Kapugedera','cb',1,5,0,0,20,1,10),('C K Kapugedera','cb',2,6,0,0,33.33,1,76),('C K Kapugedera','dnb',0,0,0,0,0,2,79),('C K Kapugedera','no',55,88,4,1,62.5,2,80),('C Kieswetter','no',0,0,0,0,0,2,21),('C L Cairns','cb',36,30,4,1,120,1,11),('C L Cairns','b',9,20,2,0,45,1,13),('C L Cairns','cb',20,26,1,0,76.92,1,46),('C L Cairns','cb',16,25,2,1,64,2,48),('C L Cairns','b',54,73,3,2,73.97,2,50),('C L Cairns','no',7,12,0,0,58.33,2,66),('C L Cairns','cb',60,77,5,3,77.92,2,70),('C L Cairns','cb',32,34,1,2,94.12,2,71),('C L White','cb',12,22,0,0,54.55,1,9),('C L White','b',5,16,0,0,31.25,2,55),('C L White','dnb',0,0,0,0,0,2,57),('C L White','b',62,102,7,1,60.78,2,59),('C L White','cb',51,68,3,1,75,1,60),('C M Spearman','cb',5,16,0,0,31.25,1,11),('C M Spearman','cb',14,14,3,0,100,1,13),('C M Spearman','cb',14,13,2,0,107.69,2,71),('C Munro','cb',85,77,7,2,110.39,1,96),('C N Evans','cb',6,5,1,0,120,2,20),('C O Browne','b',18,45,0,0,40,1,14),('C O Browne','ro',10,18,2,0,55.56,2,19),('C O Browne','cb',26,18,3,0,144.44,1,74),('C O Browne','cb',10,18,0,0,55.56,2,75),('C O Obuya','lbw',29,42,1,1,69.05,2,42),('C O Obuya','cb',3,6,0,0,50,1,44),('C R D Fernando','no',13,10,2,0,130,2,49),('C R D Fernando','dnb',0,0,0,0,0,1,84),('C R D Fernando','no',12,29,0,0,41.38,1,89),('C R Matthews','dnb',0,0,0,0,0,2,13),('C R Matthews','no',9,13,0,0,69.23,1,15),('C R Matthews','dnb',0,0,0,0,0,2,17),('C R Matthews','no',8,12,0,0,66.67,2,74),('C S Baugh','no',0,0,0,0,0,1,40),('C S Macleod','no',99,127,12,0,77.95,2,24),('C T Tremlett','cb',3,7,0,0,42.86,1,5),('C T Tremlett','cb',3,7,0,0,42.86,1,8),('C White','cb',13,12,0,1,108.33,2,11),('C Z Harris','ro',10,16,1,0,62.5,1,11),('C Z Harris','ro',8,21,0,0,38.1,1,13),('C Z Harris','lbw',17,37,2,0,45.95,1,46),('C Z Harris','no',15,24,0,0,62.5,2,48),('C Z Harris','no',14,10,3,0,140,2,50),('C Z Harris','dnb',0,0,0,0,0,2,66),('C Z Harris','dnb',0,0,0,0,0,2,70),('C Z Harris','dnb',0,0,0,0,0,2,82),('C Z Harris','ro',8,17,0,0,47.06,1,83),('D A Gunawardene','cb',1,4,0,0,25,2,43),('D A Gunawardene','cb',41,62,2,0,66.13,1,45),('D A J Bracewell','cb',5,9,0,0,55.56,2,25),('D A J Bracewell','no',8,15,0,0,53.33,1,32),('D A Marillier','cb',19,14,2,0,135.71,2,45),('D A Marillier','b',21,39,2,0,53.85,1,47),('D A Marillier','lbw',1,12,0,0,8.33,1,82),('D A Miller','lbw',0,3,0,0,0,1,91),('D A Miller','no',5,2,1,0,250,1,92),('D A Miller','cb',24,26,3,0,92.31,2,93),('D A Miller','cb',4,14,0,0,28.57,2,95),('D A Reeve','b',35,34,2,0,102.94,1,72),('D A Warner','cb',10,20,2,0,50,1,21),('D A Warner','ro',18,24,2,0,75,1,35),('D A Warner','cb',1,4,0,0,25,2,40),('D Bishoo','no',0,1,0,0,0,2,5),('D Bishoo','no',6,11,1,0,54.55,2,7),('D Bishoo','no',0,1,0,0,0,2,8),('D C Thomas','cb',15,26,1,0,57.69,1,3),('D C Thomas','b',9,20,1,0,45,2,5),('D C Thomas','st',2,8,0,0,25,2,7),('D C Thomas','b',9,20,1,0,45,2,8),('D C Thomas','cb',37,43,3,1,86.05,1,25),('D C Thomas','cb',20,31,1,0,64.52,1,26),('D D Ebrahim','st',13,24,1,0,54.17,1,47),('D D Ebrahim','b',0,1,0,0,0,1,50),('D Daesrath','cb',24,37,3,1,64.86,1,24),('D E Bernard','cb',22,46,1,0,47.83,1,56),('D G Brownlie','ro',19,28,2,0,67.86,1,32),('D G Cork','cb',19,11,2,1,172.73,2,11),('D G Cork','b',17,33,1,0,51.52,2,15),('D Gough','no',15,17,0,0,88.24,2,11),('D Gough','b',11,12,2,0,91.67,2,15),('D Gough','dnb',0,0,0,0,0,2,61),('D Gough','dnb',0,0,0,0,0,2,67),('D Gough','no',26,26,5,0,100,1,72),('D J Cullinan','cb',27,42,2,0,64.29,2,13),('D J Cullinan','b',34,42,2,0,80.95,1,15),('D J Cullinan','b',65,76,6,0,85.53,2,17),('D J Cullinan','cb',19,35,3,0,54.29,2,62),('D J Cullinan','cb',49,82,4,0,59.76,1,69),('D J Cullinan','cb',69,78,3,3,88.46,2,74),('D J G Sammy','lbw',0,4,0,0,0,1,3),('D J G Sammy','b',41,29,2,3,141.38,2,5),('D J G Sammy','ro',2,4,0,0,50,2,7),('D J G Sammy','b',41,29,2,3,141.38,2,8),('D J G Sammy','no',31,21,1,2,147.62,1,23),('D J G Sammy','cb',26,22,1,2,118.18,1,25),('D J G Sammy','cb',2,4,0,0,50,1,26),('D J G Sammy','no',31,13,3,2,238.46,1,40),('D J G Sammy','cb',23,38,0,0,60.53,1,56),('D J G Sammy','no',37,29,1,2,127.59,1,94),('D J Hussey','no',38,26,3,1,146.15,1,9),('D J Hussey','ro',29,37,1,0,78.38,1,21),('D J Hussey','cb',72,76,5,0,94.74,1,35),('D J Hussey','b',57,54,7,0,105.56,2,40),('D J J Bravo','ro',40,37,1,3,108.11,1,3),('D J J Bravo','b',3,7,0,0,42.86,1,23),('D J J Bravo','cb',18,35,2,0,51.43,1,25),('D J J Bravo','cb',53,93,3,1,56.99,1,26),('D J J Bravo','lbw',0,1,0,0,0,1,40),('D J J Bravo','cb',4,11,0,0,36.36,1,94),('D J Nash','dnb',0,0,0,0,0,1,11),('D J Nash','dnb',0,0,0,0,0,2,66),('D J Nash','dnb',0,0,0,0,0,2,70),('D J Nash','no',5,12,0,0,41.67,2,71),('D K Morrison','dnb',0,0,0,0,0,1,11),('D K Morrison','no',5,6,0,0,83.33,1,13),('D K Morrison','dnb',0,0,0,0,0,2,71),('D L Vettori','cb',13,40,2,0,32.5,1,46),('D L Vettori','cb',10,9,1,0,111.11,2,48),('D L Vettori','cb',48,44,4,1,109.09,1,52),('D L Vettori','no',10,8,2,0,125,2,54),('D L Vettori','st',41,42,3,0,97.62,2,58),('D M Bravo','lbw',73,82,8,1,89.02,1,3),('D M Bravo','cb',5,15,1,0,33.33,2,5),('D M Bravo','cb',22,29,1,1,75.86,2,7),('D M Bravo','cb',5,15,1,0,33.33,2,8),('D M Bravo','cb',25,50,3,0,50,1,40),('D M Bravo','no',51,53,4,2,96.23,1,94),('D Mongia','cb',12,11,2,0,109.09,2,41),('D Mongia','cb',9,7,0,1,128.57,1,49),('D N Chudasama','cb',29,51,5,0,56.86,1,12),('D N T Zoysa','dnb',0,0,0,0,0,1,84),('D N T Zoysa','no',3,8,0,0,37.5,2,86),('D O Obuya','ro',3,23,0,0,13.04,2,42),('D O Obuya','b',0,1,0,0,0,1,44),('D P M Jayawardene','b',2,10,0,0,20,2,2),('D P M Jayawardene','lbw',66,90,6,0,73.33,1,6),('D P M Jayawardene','no',103,88,13,0,117.05,1,10),('D P M Jayawardene','lbw',12,8,1,0,150,2,27),('D P M Jayawardene','lbw',65,79,5,0,82.28,1,29),('D P M Jayawardene','cb',3,3,0,0,100,1,30),('D P M Jayawardene','cb',23,34,2,0,67.65,1,33),('D P M Jayawardene','cb',5,8,1,0,62.5,2,43),('D P M Jayawardene','lbw',0,4,0,0,0,2,49),('D P M Jayawardene','b',77,85,6,2,90.59,2,52),('D P M Jayawardene','cb',22,32,4,0,68.75,2,69),('D P M Jayawardene','lbw',54,64,3,0,84.38,1,76),('D P M Jayawardene','no',53,67,5,1,79.1,2,79),('D P M Jayawardene','cb',11,19,1,0,57.89,2,80),('D P M Jayawardene','b',22,16,3,0,137.5,1,84),('D P M Jayawardene','cb',37,47,3,0,78.7,2,86),('D P M Jayawardene','cb',1,7,0,0,14.29,1,89),('D P Viljoen','cb',2,13,0,0,15.38,1,81),('D P Viljoen','st',39,49,2,0,79.59,2,83),('D P Viljoen','ro',2,9,0,0,22.22,1,87),('D P Viljoen','cb',7,20,0,0,35,1,90),('D R Flynn','cb',21,17,4,0,123.53,2,23),('D R Flynn','cb',0,4,0,0,0,2,26),('D R Martyn','cb',88,84,7,1,104.76,1,41),('D R Martyn','cb',31,53,3,0,58.49,1,48),('D R Martyn','ro',42,43,1,0,97.7,1,85),('D R Martyn','dnb',0,0,0,0,0,2,88),('D R Martyn','dnb',0,0,0,0,0,2,90),('D R Ramsammy','ro',0,3,0,0,0,1,24),('D R Smith','cb',24,36,2,1,66.67,1,23),('D R Smith','cb',0,5,0,0,0,1,25),('D R Smith','lbw',9,14,1,0,64.29,1,26),('D R Tuffey','cb',11,13,2,0,84.62,1,46),('D R Tuffey','dnb',0,0,0,0,0,1,52),('D S Lehmann','b',36,66,2,0,54.55,1,43),('D S Lehmann','cb',2,7,0,0,28.57,2,44),('D S Lehmann','cb',4,9,1,0,44.44,1,48),('D S Lehmann','b',0,2,0,0,0,2,65),('D S Lehmann','cb',76,94,8,0,80.85,1,70),('D S Lehmann','dnb',0,0,0,0,0,2,88),('D S Lehmann','no',92,104,9,0,88.46,2,90),('D S Smith','cb',36,57,3,0,63.16,1,3),('D S Smith','st',10,27,0,0,37.04,2,5),('D S Smith','b',81,97,7,1,83.51,2,7),('D S Smith','st',10,27,0,0,37.04,2,8),('D S Smith','cb',21,26,3,0,80.77,1,56),('D Soraine','cb',6,5,1,0,120,1,24),('D T Christian','ro',39,36,2,0,108.33,1,35),('D T Hondo','b',0,2,0,0,0,2,45),('D T Hondo','no',0,14,0,0,0,1,47),('D T Johnston','lbw',6,12,1,0,50,1,22),('D W Fleming','ro',0,1,0,0,0,1,16),('D W Fleming','dnb',0,0,0,0,0,1,19),('D W Fleming','dnb',0,0,0,0,0,2,65),('D W Fleming','no',8,11,0,0,72.73,1,70),('D W Fleming','dnb',0,0,0,0,0,1,75),('D W Steyn','dnb',0,0,0,0,0,2,3),('D W Steyn','dnb',0,0,0,0,0,2,4),('D W Steyn','dnb',0,0,0,0,0,2,36),('D W Steyn','dnb',0,0,0,0,0,2,39),('D W Steyn','no',17,13,2,0,130.77,2,53),('D W Steyn','dnb',0,0,0,0,0,1,91),('D W Steyn','dnb',0,0,0,0,0,1,92),('D W Steyn','b',15,32,1,1,46.88,2,95),('Dawlat Zadran','b',12,24,1,0,50,2,22),('Dawlat Zadran','b',12,19,0,1,63.16,1,34),('E A Brandes','cb',2,5,0,0,40,1,68),('E C Joyce','no',67,124,6,0,54.03,1,22),('E Chigumbura','cb',15,16,2,0,93.75,2,32),('E Chigumbura','no',43,34,6,1,126,1,100),('E J G Morgan','cb',7,13,0,0,53.85,1,5),('E J G Morgan','cb',7,13,0,0,53.85,1,8),('E J G Morgan','no',43,40,5,0,107.5,2,21),('E J G Morgan','cb',67,34,4,5,197.06,1,53),('E J G Morgan','cb',9,40,1,0,22.5,1,54),('E J G Morgan','cb',9,27,0,0,33.33,1,57),('E J G Morgan','st',30,39,3,0,76.92,2,98),('E J G Morgan','b',53,92,7,0,57.6,2,99),('E O Odumbe','no',15,21,0,0,71.43,1,12),('Enamul Haque','b',19,41,3,0,46.34,1,66),('F du Plessis','dnb',0,0,0,0,0,2,3),('F du Plessis','no',25,23,0,1,108.7,2,4),('F du Plessis','cb',5,12,0,0,41.67,1,31),('F du Plessis','cb',34,25,6,0,136,2,36),('F du Plessis','lbw',19,28,1,0,67.86,2,39),('F L Reifer','cb',1,5,0,0,20,1,56),('Fawad Ahmed','no',4,2,1,0,200,1,98),('G A Hick','ro',85,102,9,0,83.33,2,11),('G A Hick','cb',14,27,1,0,51.85,2,15),('G A Hick','no',73,88,2,2,82.95,2,61),('G A Hick','no',61,89,9,0,68.54,2,67),('G A Hick','cb',8,21,0,0,38.1,1,72),('G B Hogg','st',8,19,0,0,42.11,1,43),('G B Hogg','cb',0,3,0,0,0,2,44),('G B Hogg','lbw',0,1,0,0,0,1,48),('G C Smith','b',45,78,2,0,57.69,2,3),('G C Smith','cb',16,29,2,0,55.17,2,4),('G C Smith','cb',68,69,7,1,98.55,1,31),('G C Smith','cb',141,134,16,0,105.22,2,53),('G C Smith','st',12,16,2,0,75,2,95),('G C Tonge','cb',5,6,1,0,83.33,1,56),('G C Wilson','cb',1,7,0,0,14.29,1,22),('G D Elliott','lbw',0,3,0,0,0,1,52),('G D Elliott','cb',3,11,0,0,27.27,2,54),('G D Elliott','no',75,103,5,1,72.82,2,58),('G D Elliott','lbw',9,9,0,0,100,1,59),('G D Elliott','cb',3,5,0,0,60,1,96),('G D Elliott','lbw',14,32,0,0,43.75,2,97),('G D McGrath','no',0,0,0,0,0,1,16),('G D McGrath','dnb',0,0,0,0,0,1,19),('G D McGrath','no',3,2,0,0,150,1,48),('G D McGrath','dnb',0,0,0,0,0,2,65),('G D McGrath','dnb',0,0,0,0,0,1,75),('G D McGrath','dnb',0,0,0,0,0,1,85),('G D McGrath','dnb',0,0,0,0,0,2,88),('G Gambhir','b',39,39,3,0,100,1,1),('G Gambhir','cb',69,75,7,0,92,1,4),('G Gambhir','cb',22,26,4,0,84.62,1,7),('G Gambhir','ro',50,64,2,0,78.13,2,9),('G Gambhir','b',97,122,9,0,79.51,2,10),('G Gambhir','b',3,6,0,0,50,1,27),('G Gambhir','cb',65,96,4,0,67.71,1,28),('G Gambhir','ro',102,101,10,0,100.99,2,29),('G Gambhir','b',0,5,0,0,0,2,30),('G Gambhir','lbw',92,111,7,0,82.88,2,35),('G Gambhir','lbw',0,2,0,0,0,2,38),('G Gambhir','ro',57,46,7,2,123.91,2,51),('G Gambhir','b',6,5,1,0,120,2,56),('G Gambhir','lbw',68,85,6,1,80,2,60),('G Gambhir','lbw',82,101,6,0,81.19,2,77),('G Gambhir','b',83,97,6,1,85.57,2,78),('G Gambhir','cb',23,31,3,0,74.19,1,79),('G Gambhir','ro',15,16,2,0,93.75,1,80),('G Goudie','b',17,11,2,1,154.55,2,24),('G H Dockrell','cb',9,29,1,0,31.03,1,22),('G I Allott','dnb',0,0,0,0,0,2,66),('G I Allott','dnb',0,0,0,0,0,2,70),('G J Bailey','b',65,86,7,0,75.58,1,21),('G J Bailey','cb',25,36,1,1,69.44,2,40),('G J Bailey','st',4,14,0,0,28.57,1,98),('G J Bailey','cb',87,91,5,3,95.6,1,99),('G J Hopkins','cb',2,6,0,0,33.33,2,54),('G J Rennie','cb',14,30,1,0,46.67,1,81),('G J Rennie','no',46,53,1,0,86.79,1,82),('G J Rennie','cb',0,1,0,0,0,2,83),('G J Rennie','b',29,39,1,0,74.36,1,87),('G J Rennie','st',13,16,1,0,81.25,1,90),('G J Whittall','ro',10,29,0,0,34.48,2,20),('G J Whittall','cb',0,2,0,0,0,1,50),('G J Whittall','no',11,11,1,1,100,2,63),('G J Whittall','b',4,8,0,0,50,1,68),('G J Whittall','cb',11,25,1,0,44,1,81),('G J Whittall','cb',0,2,0,0,0,1,82),('G J Whittall','b',14,25,2,0,56,2,83),('G J Whittall','b',1,8,0,0,12.5,1,87),('G J Whittall','cb',25,28,3,0,89.29,1,90),('G Kirsten','lbw',35,46,5,0,76.09,2,13),('G Kirsten','ro',38,60,4,0,63.33,1,15),('G Kirsten','b',44,57,5,0,77.19,2,17),('G Kirsten','b',3,22,0,0,13.64,2,62),('G Kirsten','b',14,14,3,0,100,1,69),('G Kirsten','hit',3,14,0,0,21.43,2,74),('G M Hamilton','b',34,42,3,0,80.95,1,65),('G Onions','dnb',0,0,0,0,0,1,53),('G Onions','no',1,2,0,0,50,1,57),('G P Swann','b',8,8,1,0,100,1,5),('G P Swann','b',8,8,1,0,100,1,8),('G P Swann','no',8,9,1,0,88.89,1,53),('G P Swann','cb',11,20,1,0,55,1,54),('G P Swann','ro',18,15,2,0,120,1,57),('G P Thorpe','b',9,21,0,0,42.86,2,11),('G P Thorpe','cb',46,69,3,0,66.67,2,15),('G P Thorpe','no',13,15,1,0,86.67,2,61),('G P Thorpe','dnb',0,0,0,0,0,2,67),('G P Thorpe','b',14,31,1,0,45.16,1,72),('G P Wickremasinghe','cb',11,18,1,0,61.11,1,61),('G P Wickremasinghe','b',6,17,0,0,35.29,2,69),('G P Wickremasinghe','dnb',0,0,0,0,0,2,72),('G P Wickremasinghe','cb',2,5,0,0,40,2,86),('G P Wickremasinghe','cb',32,40,2,0,80,1,89),('G R Larsen','dnb',0,0,0,0,0,1,11),('G R Larsen','cb',1,7,0,0,14.29,1,13),('G R Larsen','dnb',0,0,0,0,0,2,66),('G R Larsen','dnb',0,0,0,0,0,2,70),('G Salmond','cb',31,54,2,0,57.41,1,65),('G W Flower','cb',30,42,1,0,71.43,2,20),('G W Flower','cb',31,52,4,0,59.62,2,45),('G W Flower','cb',7,15,1,0,46.67,1,47),('G W Flower','cb',1,6,0,0,16.67,1,50),('G W Flower','cb',20,33,1,0,60.61,2,63),('G W Flower','cb',45,89,4,0,50.56,1,68),('G W Flower','cb',7,20,0,0,35,1,81),('G W Flower','cb',51,78,4,0,65.38,1,90),('Gulbadin Naib','cb',19,23,0,2,82.61,2,22),('Gulbadin Naib','lbw',7,23,1,0,30.43,1,34),('H D P Dharmasena','dnb',0,0,0,0,0,2,18),('H D P Dharmasena','dnb',0,0,0,0,0,2,72),('H D R Thirimanne','lbw',7,10,0,0,70,2,27),('H D R Thirimanne','b',47,69,0,0,68.12,1,30),('H D R Thirimanne','cb',13,15,0,0,86.67,2,31),('H D R Thirimanne','ro',7,11,0,0,63.64,1,33),('H D Rutherford','b',1,3,0,0,33.33,2,97),('H Davids','st',7,18,0,0,38.89,2,93),('H H Dippenaar','cb',65,100,5,0,65,2,84),('H H Dippenaar','cb',77,86,12,1,89.5,1,86),('H H Dippenaar','cb',28,42,5,0,66.67,2,89),('H H Gibbs','cb',22,26,3,1,84.62,2,53),('H H Gibbs','lbw',7,8,1,0,87.5,2,62),('H H Gibbs','cb',5,15,1,0,33.33,1,69),('H H Gibbs','lbw',1,2,0,0,50,2,84),('H H Gibbs','cb',13,21,1,0,61.9,1,86),('H H Gibbs','ro',79,112,7,1,70.54,2,89),('H H Streak','lbw',30,39,3,0,76.92,2,20),('H H Streak','cb',2,7,0,0,28.57,2,45),('H H Streak','cb',0,4,0,0,0,1,47),('H H Streak','no',72,84,6,2,85.71,1,50),('H H Streak','dnb',0,0,0,0,0,2,63),('H H Streak','cb',14,18,2,0,77.78,1,68),('H H Streak','cb',45,70,1,0,64.29,1,81),('H H Streak','cb',17,14,3,0,121.43,1,82),('H H Streak','no',79,67,4,5,117.91,2,83),('H H Streak','no',34,28,3,0,121.43,1,87),('H H Streak','cb',23,30,1,0,76.67,1,90),('H K Bennett','b',0,4,0,0,0,2,6),('H K Olonga','cb',3,12,0,0,25,1,47),('H K Olonga','no',1,4,0,0,25,1,68),('H M Amla','cb',14,15,2,0,93.33,2,3),('H M Amla','cb',61,72,5,0,84.72,2,4),('H M Amla','cb',92,107,12,0,85.98,2,36),('H M Amla','cb',76,89,7,0,85.39,2,39),('H M Amla','cb',100,117,8,0,85.5,1,91),('H M Amla','b',65,88,5,1,73.9,1,92),('H M Amla','ro',41,48,6,0,85.42,2,93),('H M Amla','b',3,3,0,0,100,2,95),('H M R Herath','no',4,10,0,0,40,2,2),('H M R Herath','ro',0,1,0,0,0,2,27),('H M R Herath','no',17,15,1,1,113.33,1,30),('H M R Herath','dnb',0,0,0,0,0,2,31),('H M R Herath','dnb',0,0,0,0,0,2,79),('H Masakadza','ro',7,19,1,0,36.84,2,32),('H Masakadza','b',11,12,2,0,91.7,1,100),('H P Tillakaratne','no',70,98,6,0,71.43,2,18),('H P Tillakaratne','cb',3,15,0,0,20,2,43),('H P Tillakaratne','cb',0,12,0,0,0,1,61),('H P Tillakaratne','no',19,50,1,0,38,2,72),('H Patel','lbw',3,22,0,0,13.64,1,24),('H S Modi','cb',2,3,0,0,66.67,1,12),('H S Modi','cb',9,25,0,0,36,2,42),('H S Modi','no',39,74,2,0,52.7,1,44),('H S Modi','b ',7,19,1,0,36.84,1,63),('H S Modi','ro',5,11,1,0,45.45,1,67),('Hammad Azam','cb',4,5,0,0,80,1,38),('Harbhajan Singh','dnb',0,0,0,0,0,1,1),('Harbhajan Singh','b',3,9,0,0,33.33,1,4),('Harbhajan Singh','cb',3,6,0,0,50,1,7),('Harbhajan Singh','dnb',0,0,0,0,0,2,9),('Harbhajan Singh','dnb',0,0,0,0,0,2,10),('Harbhajan Singh','cb',7,8,0,0,87.5,2,41),('Harbhajan Singh','no',7,5,1,0,140,1,49),('Harbhajan Singh','b',13,22,1,0,59.09,2,51),('Harbhajan Singh','dnb',0,0,0,0,0,2,56),('Harbhajan Singh','b',49,31,4,3,158.06,2,60),('Harbhajan Singh','dnb',0,0,0,0,0,2,77),('Harbhajan Singh','no',15,11,0,2,136.36,2,78),('Harbhajan Singh','no',7,7,0,0,100,1,80),('Hasibul Hussain','cb',16,28,1,1,57.14,1,66),('I A Healy','cb',6,10,0,0,60,1,16),('I A Healy','ro',3,4,0,0,75,1,19),('I A Healy','ro',31,28,2,0,110.71,1,75),('I D Austin','dnb',0,0,0,0,0,2,61),('I D Austin','dnb',0,0,0,0,0,2,67),('I G Butler','dnb',0,0,0,0,0,2,54),('I G Butler','dnb',0,0,0,0,0,2,58),('I G Butler','lbw',6,7,1,0,85.71,1,59),('I J Harvey','cb',7,10,0,0,70,1,43),('I J Harvey','no',28,43,5,0,65.12,2,44),('I J Harvey','b',2,11,0,0,18.18,1,48),('I J Harvey','dnb',0,0,0,0,0,1,85),('I J Harvey','dnb',0,0,0,0,0,2,90),('I J L Trott','cb',47,38,7,0,123.68,1,5),('I J L Trott','cb',47,38,7,0,123.68,1,8),('I J L Trott','b',17,22,2,0,77.27,2,21),('I J L Trott','cb',0,1,0,0,0,2,99),('I K Pathan','no',7,4,1,0,175,1,27),('I K Pathan','cb',6,19,0,0,31.58,1,28),('I K Pathan','no',34,31,3,0,109.68,2,29),('I K Pathan','dnb',0,0,0,0,0,2,38),('I L Philip','cb',17,66,0,0,25.76,1,65),('I R Bell','b',27,48,1,0,56.25,1,5),('I R Bell','b',27,48,1,0,56.25,1,8),('I R Bell','b',75,113,6,1,66.37,2,21),('I R Bishop','ro',9,28,0,0,32.14,1,14),('I R Bishop','dnb',0,0,0,0,0,2,19),('I R Bishop','b',17,22,1,1,77.27,1,74),('I R Bishop','lbw',3,3,0,0,100,2,75),('I Sharma','b',0,1,0,0,0,2,51),('I Sharma','dnb',0,0,0,0,0,2,60),('I Sharma','no',0,2,0,0,0,2,91),('Ijaz Ahmed','lbw',0,2,0,0,0,1,17),('Ijaz Ahmed','lbw ',36,70,4,0,51.43,1,64),('Ijaz Ahmed','cb',26,46,0,0,56.52,1,71),('Ijaz Ahmed','cb',12,23,1,0,52.17,2,73),('Imran Farhat','cb',52,67,9,0,77.61,2,34),('Imran Farhat','cb',25,46,3,0,54.35,1,78),('Imran Nazir','cb',20,17,4,0,117.65,1,51),('Imran Nazir','cb',28,40,6,0,70,1,58),('Imran Tahir','dnb',0,0,0,0,0,2,3),('Imran Tahir','dnb',0,0,0,0,0,2,93),('Imran Tahir','no',0,0,0,0,0,2,95),('Imrul Kayes','b',34,29,7,0,117.24,2,1),('Imrul Kayes','cb',37,35,7,0,105.71,1,77),('Inzamam-ul-Haq','ro',23,39,3,0,58.97,1,17),('Inzamam-ul-Haq','cb',0,1,0,0,0,1,64),('Inzamam-ul-Haq','ro',39,41,4,1,95.12,1,71),('Inzamam-ul-Haq','cb',12,20,1,0,60,2,73),('J A Morkel','dnb',0,0,0,0,0,2,36),('J A Morkel','cb',41,51,2,3,80.39,2,39),('J A Morkel','ro',17,14,1,1,121.43,2,53),('J A R Blain','no',3,7,0,0,42.86,1,65),('J Botha','dnb',0,0,0,0,0,2,3),('J Botha','cb',23,15,2,1,153.33,2,4),('J Botha','no',5,10,1,0,50,2,39),('J Botha','cb',0,2,0,0,0,2,53),('J C Adams','no',17,22,3,0,77.27,2,19),('J C Adams','cb',23,45,4,0,51.11,2,64),('J C Adams','no',13,17,1,0,76.47,1,74),('J C Adams','lbw',2,11,0,0,18.18,2,75),('J C Adams','cb',22,76,1,0,28.95,2,81),('J C Adams','no',25,33,2,0,75.8,2,85),('J C Adams','cb',24,24,2,1,100,2,87),('J C Adams','cb',44,65,2,0,67.7,1,88),('J C Buttler','b',42,37,4,0,113.51,2,98),('J C Buttler','no',65,48,5,2,135,2,99),('J C Tredwell','ro',9,20,0,0,45,1,5),('J C Tredwell','ro',9,20,0,0,45,1,8),('J C Tredwell','no',5,4,1,0,125,2,98),('J C Tredwell','no',1,4,0,0,25,2,99),('J Charles','cb',1,16,0,0,6.25,1,25),('J Charles','cb',15,20,1,1,75,1,26),('J Charles','cb',37,62,3,1,59.68,1,40),('J Charles','b',11,20,2,0,55,1,94),('J D P Oram','no',20,27,2,0,74.07,2,6),('J D P Oram','cb',10,12,1,0,83.33,2,23),('J D P Oram','b',6,18,0,0,33.33,2,25),('J D P Oram','b',23,54,1,0,42.59,1,46),('J D P Oram','b',0,1,0,0,0,2,48),('J D P Oram','dnb',0,0,0,0,0,2,82),('J D P Oram','cb',21,19,2,1,110.53,1,83),('J D Ryder','cb',19,23,2,0,82.61,2,6),('J D Ryder','cb',0,2,0,0,0,1,36),('J D Ryder','cb',74,58,10,1,127.59,1,52),('J D S Neesham','cb',8,11,1,0,72.73,2,97),('J D Unadkat','dnb',0,0,0,0,0,2,100),('J E Brinkley','cb',23,32,3,0,71.88,1,65),('J E C Franklin','cb',20,29,2,0,68.97,2,6),('J E C Franklin','b',6,15,1,0,40,1,36),('J E C Franklin','cb',36,52,3,0,69.23,1,39),('J E C Franklin','no',28,21,3,0,133.33,1,52),('J E C Franklin','no',2,5,0,0,40,2,54),('J E C Franklin','dnb',0,0,0,0,0,2,58),('J E C Franklin','b',33,43,4,0,76.74,1,59),('J E C Franklin','dnb',0,0,0,0,0,2,82),('J E C Franklin','b',1,2,0,0,50,1,83),('J E Root','b',21,36,0,0,58.33,2,98),('J E Root','cb',0,1,0,0,0,2,99),('J F Mooney','cb',0,4,0,0,0,1,22),('J H Davey','b',23,46,3,0,50,2,24),('J H Kallis','cb',4,7,0,0,57.14,2,3),('J H Kallis','ro',69,88,4,0,78.41,2,4),('J H Kallis','no',11,25,1,0,44,2,13),('J H Kallis','cb',26,42,2,0,61.9,1,15),('J H Kallis','cb',9,14,0,0,64.29,2,17),('J H Kallis','cb',4,5,1,0,80,2,36),('J H Kallis','cb',12,16,1,0,75,2,53),('J H Kallis','ro',96,128,7,0,75,2,62),('J H Kallis','cb',12,26,0,0,46.15,1,69),('J H Kallis','no',100,139,3,1,71.94,2,84),('J H Kallis','cb',82,79,0,4,104,1,86),('J H Kallis','lbw',31,48,1,1,64.58,2,89),('J H Kallis','b',10,13,1,0,76.9,1,91),('J H Kallis','cb',10,14,2,0,71.4,1,92),('J H Kallis','b',50,71,5,1,70.42,2,95),('J H Stander','lbw',8,23,1,0,34.78,2,24),('J J Krejza','dnb',0,0,0,0,0,1,9),('J K Kamande','dnb',0,0,0,0,0,1,63),('J L Denly','cb',21,25,3,0,84,1,53),('J L Denly','b',5,12,1,0,41.67,1,54),('J L Denly','cb',36,44,5,0,81.82,1,57),('J L Ontong','no',17,19,3,0,89.47,2,36),('J M Anderson','no',2,2,0,0,100,1,53),('J M Anderson','no',4,18,0,0,22.22,1,54),('J M Anderson','no',5,9,0,0,55.56,1,57),('J M Kemp','dnb',0,0,0,0,0,2,89),('J Mubarak','cb',0,2,0,0,0,2,49),('J N Rhodes','cb',9,13,1,0,69.23,2,13),('J N Rhodes','b',37,32,3,0,115.63,1,15),('J N Rhodes','no',39,31,5,0,125.81,2,62),('J N Rhodes','cb',17,25,2,0,68,1,69),('J N Rhodes','cb',13,24,0,0,54.17,2,74),('J N Rhodes','no',75,59,5,0,127.12,2,84),('J N Rhodes','cb',53,52,5,0,102,1,86),('J N Rhodes','no',11,14,0,0,78.57,2,89),('J O A Gordon','ro',1,3,0,0,33.33,1,24),('J O Holder','dnb',0,0,0,0,0,1,94),('J P Faulkner','cb',10,19,0,0,52.63,1,98),('J P Faulkner','ro',1,3,0,0,33.3,1,99),('J R Hopes','cb',1,3,0,0,33.33,2,55),('J R Hopes','dnb',0,0,0,0,0,2,57),('J R Hopes','no',22,22,4,0,100,2,59),('J R Hopes','ro',14,9,1,1,155.56,1,60),('J S Patel','no',16,19,1,0,84.21,1,59),('J Srinath','dnb',0,0,0,0,0,2,12),('J Srinath','dnb',0,0,0,0,0,2,14),('J Srinath','cb',7,12,1,0,58.33,2,16),('J Srinath','dnb',0,0,0,0,0,1,18),('J Srinath','dnb',0,0,0,0,0,1,20),('J Srinath','b',1,4,0,0,25,2,41),('J Srinath','dnb',0,0,0,0,0,1,62),('J Srinath','b',18,12,0,2,150,2,68),('J Srinath','no',12,4,2,0,300,1,73),('J-P Duminy','no',42,53,1,0,79.25,2,3),('J-P Duminy','st',23,20,2,1,115,2,4),('J-P Duminy','cb',36,47,2,0,76.6,1,31),('J-P Duminy','cb',43,39,6,0,110.26,2,36),('J-P Duminy','b',25,37,3,0,67.57,2,39),('J-P Duminy','b',24,33,1,0,72.73,2,53),('J-P Duminy','ro',26,29,2,0,89.7,1,91),('J-P Duminy','no',59,29,2,5,203,1,92),('J-P Duminy','cb',16,23,2,0,69.57,2,93),('J-P Duminy','cb',49,70,4,0,70,2,95),('Jahurul Islam','b',23,31,3,0,74.19,2,37),('Javed Ahmadi','b',4,12,0,0,33.33,2,22),('Javed Miandad','ro',5,19,0,0,26.32,1,71),('Javed Miandad','ro',38,64,2,0,59.38,2,73),('Junaid Khan','no',0,1,0,0,0,1,95),('Junaid Siddique','st',37,52,1,1,71.15,2,1),('Junaid Siddiqui','no',11,16,1,0,68.75,1,24),('K A Edwards','lbw',17,17,1,1,100,2,7),('K A J Roach','no',2,6,0,0,33.33,1,3),('K A J Roach','cb',0,2,0,0,0,2,5),('K A J Roach','cb',0,2,0,0,0,2,8),('K A J Roach','dnb',0,0,0,0,0,1,40),('K A J Roach','cb',4,10,0,0,40,1,56),('K A Pollard','lbw',0,1,0,0,0,1,3),('K A Pollard','lbw',24,27,1,2,88.89,2,5),('K A Pollard','cb',1,3,0,0,33.33,2,7),('K A Pollard','lbw',24,27,1,2,88.89,2,8),('K A Pollard','lbw',8,9,1,0,88.89,1,23),('K A Pollard','cb',56,70,5,1,80,1,25),('K A Pollard','cb',7,10,1,0,70,1,26),('K A Pollard','cb',102,70,5,8,145.71,1,40),('K C Sangakkara','cb',49,61,2,1,80.33,2,2),('K C Sangakkara','b',111,128,12,2,86.72,1,6),('K C Sangakkara','cb',48,67,5,0,71.64,1,10),('K C Sangakkara','b',133,151,12,0,88.08,2,27),('K C Sangakkara','cb',73,95,5,0,76.84,1,29),('K C Sangakkara','cb',32,31,2,1,103.23,2,31),('K C Sangakkara','cb',26,34,2,0,76.47,1,33),('K C Sangakkara','no',39,70,3,0,55.71,2,43),('K C Sangakkara','cb',35,25,4,0,140,1,45),('K C Sangakkara','cb',30,33,4,0,90.91,2,49),('K C Sangakkara','cb',11,13,1,0,84.62,2,52),('K C Sangakkara','cb',42,63,4,0,66.67,1,76),('K C Sangakkara','cb',73,82,10,0,89.02,2,79),('K C Sangakkara','cb',17,38,2,0,44.74,2,80),('K C Sangakkara','no',16,10,2,0,160,1,84),('K C Sangakkara','cb',1,2,0,0,50,2,86),('K C Sangakkara','cb',33,52,3,0,63.46,1,89),('K D Mills','b',6,7,0,0,85.71,2,23),('K D Mills','b',1,6,0,0,16.67,2,26),('K D Mills','b',7,12,0,0,58.33,1,32),('K D Mills','cb',0,1,0,0,0,1,36),('K D Mills','lbw',5,9,0,0,55.56,1,39),('K D Mills','no',18,6,2,1,300,1,52),('K D Mills','dnb',0,0,0,0,0,2,54),('K D Mills','dnb',0,0,0,0,0,2,58),('K D Mills','ro',12,15,1,0,80,1,59),('K D Mills','dnb',0,0,0,0,0,1,96),('K D Mills','no',27,25,1,2,108,2,97),('K E A Upashantha','cb',11,25,1,0,44,1,61),('K J Coetzer','cb',4,5,0,0,80,2,24),('K J O\'Brien','ro',31,32,6,1,96.88,1,22),('K K D Karthik','cb',34,79,4,0,43.04,2,56),('K K D Karthik','cb',40,43,6,0,93.02,1,79),('K K D Karthik','cb',66,84,9,0,78.57,1,80),('K K D Karthik','no',8,15,1,0,53.3,2,100),('K L T Arthurton','lbw',0,3,0,0,0,2,19),('K L T Arthurton','cb',6,14,0,0,42.86,2,64),('K L T Arthurton','cb',1,5,0,0,20,1,74),('K L T Arthurton','cb',0,4,0,0,0,2,75),('K M D Kulasekara','cb',24,14,2,1,171.43,2,2),('K M D Kulasekara','cb',1,6,0,0,16.67,1,6),('K M D Kulasekara','ro',32,30,1,1,106.67,1,10),('K M D Kulasekara','no',1,3,0,0,33.33,2,27),('K M D Kulasekara','dnb',0,0,0,0,0,2,31),('K M D Kulasekara','cb',7,9,0,0,77.78,1,33),('K M D Kulasekara','no',57,56,2,4,101.79,2,52),('K M D Kulasekara','b',14,27,0,0,51.85,1,76),('K M D Kulasekara','st',20,16,4,0,125,2,80),('K M Jarvis','st',2,5,0,0,40,2,32),('K M Jarvis','dnb',0,0,0,0,0,1,100),('K O A Powell','cb',5,15,1,0,33.33,1,56),('K O A Powell','cb',70,81,9,0,86.42,1,94),('K O Meth','lbw',10,26,1,0,38.46,2,32),('K O Otieno','cb',27,58,3,0,46.55,1,12),('K O Otieno','cb',15,43,1,0,34.88,2,42),('K O Otieno','b',1,12,0,0,8.33,1,44),('K O Otieno','lbw',19,50,2,0,38,2,47),('K O Otieno','cb',16,35,2,0,45.71,1,63),('K O Otieno','cb',0,8,0,0,0,1,67),('K P Pietersen','ro',0,1,0,0,0,2,98),('K P Pietersen','lbw',5,8,1,0,62.5,2,99),('K R Pushpakumara','dnb',0,0,0,0,0,2,18),('K S Williamson','st',5,8,0,0,62.5,2,6),('K S Williamson','lbw',58,65,4,1,89.23,2,23),('K S Williamson','lbw',3,12,0,0,25,2,25),('K S Williamson','cb',69,84,5,1,82.14,2,26),('K S Williamson','cb',35,53,4,0,66.04,1,32),('K S Williamson','cb',13,18,0,0,72.22,1,36),('K S Williamson','ro',22,43,1,0,51.16,1,39),('K T G Prasad','dnb',0,0,0,0,0,1,33),('K Weeraratne','dnb',0,0,0,0,0,1,84),('K Weeraratne','b',13,16,2,0,81.3,2,86),('Kamran Akmal','st',39,48,5,0,81.25,1,2),('Kamran Akmal','b',19,22,3,0,86.36,1,51),('Kamran Akmal','b',44,63,6,0,69.84,1,55),('Kamran Akmal','cb',24,35,2,0,68.57,1,58),('Kamran Akmal','ro',14,26,1,0,53.85,2,76),('Kamran Akmal','cb',51,41,2,3,124.39,1,78),('Karim Sadiq','b',1,9,0,0,11.11,2,22),('Karim Sadiq','cb',40,47,2,2,85.11,1,34),('Khaled Mahmud','cb',3,7,0,0,42.86,1,66),('Khaled Mashud','b',4,15,0,0,26.67,1,66),('L D Chandimal','cb',13,19,1,0,68.42,2,27),('L D Chandimal','no',6,10,1,0,60,2,28),('L D Chandimal','lbw',0,3,0,0,0,1,29),('L D Chandimal','cb',28,32,2,0,87.5,1,30),('L D Chandimal','b',59,81,1,1,72.84,2,31),('L D Chandimal','st',64,81,4,0,79.01,1,33),('L J Wright','cb',44,57,5,0,77.19,1,5),('L J Wright','cb',44,57,5,0,77.19,1,8),('L J Wright','ro',8,7,1,0,114.29,1,53),('L J Wright','cb',4,6,1,0,66.67,1,54),('L J Wright','cb',48,68,2,2,70.59,1,57),('L J Wright','ro',0,1,0,0,0,2,98),('L K Germon','no ',13,12,0,0,108.33,1,11),('L K Germon','no',31,33,2,0,93.94,1,13),('L K Germon','cb',41,67,1,0,61.19,2,71),('L Klusener','no',12,4,3,0,300,2,62),('L Klusener','no',52,45,5,2,115.56,1,69),('L Klusener','dnb',0,0,0,0,0,2,84),('L Klusener','cb',2,2,0,0,100,1,86),('L L Tsotsobe','dnb',0,0,0,0,0,1,31),('L L Tsotsobe','dnb',0,0,0,0,0,2,36),('L L Tsotsobe','dnb',0,0,0,0,0,2,39),('L L Tsotsobe','dnb',0,0,0,0,0,1,91),('L L Tsotsobe','dnb',0,0,0,0,0,1,92),('L L Tsotsobe','dnb',0,0,0,0,0,2,93),('L M P Simmons','cb',3,17,0,0,17.65,1,23),('L M P Simmons','cb',13,14,2,0,92.86,1,94),('L O Tikolo','dnb',0,0,0,0,0,1,12),('L P C Silva','st',57,78,5,0,73.08,2,2),('L P C Silva','cb',3,5,0,0,60,1,6),('L R Taylor','lbw',33,55,3,1,60,2,6),('L R Taylor','cb',110,115,6,5,95.65,2,25),('L R Taylor','st',28,38,3,0,73.68,2,26),('L R Taylor','cb',4,2,1,0,200,1,52),('L R Taylor','cb',1,3,0,0,33.33,2,54),('L R Taylor','b',38,61,1,2,62.3,2,58),('L R Taylor','cb',6,13,0,0,46.15,1,59),('L R Taylor','no',107,93,9,3,115.05,1,96),('L R Taylor','cb',45,82,2,1,54.88,2,97),('L R Williams','cb',0,1,0,0,0,2,81),('L R Williams','no',26,22,2,0,118,2,85),('L R Williams','b',9,15,0,0,60,2,87),('L R Williams','ro',15,17,2,0,88.2,1,88),('L Ronchi','no',13,10,2,0,130,1,96),('L Vincent','cb',7,20,1,0,35,2,48),('M A Atherton','b',1,3,0,0,33.33,2,11),('M A Atherton','cb',0,4,0,0,0,2,15),('M A Atherton','cb',22,27,2,0,81.48,1,72),('M A Carberry','lbw',30,50,4,0,60,2,98),('M A Carberry','b',63,95,7,0,66.3,2,99),('M A Ealham','dnb',0,0,0,0,0,2,61),('M A Ealham','dnb',0,0,0,0,0,2,67),('M A Starc','dnb',0,0,0,0,0,1,35),('M A Suji','dnb',0,0,0,0,0,1,12),('M A Suji','b',1,8,0,0,12.5,2,42),('M A Suji','no',15,19,0,1,78.95,1,44),('M A Suji','dnb',0,0,0,0,0,1,63),('M A Suji','ro',0,3,0,0,0,1,67),('M A Taylor','cb',59,73,8,1,80.82,1,16),('M A Taylor','cb',9,38,0,0,23.68,1,19),('M A Taylor','b',1,11,0,0,9.09,1,75),('M Azharuddin','dnb',0,0,0,0,0,2,12),('M Azharuddin','cb',32,59,4,0,54.24,2,14),('M Azharuddin','b',10,17,1,0,58.82,2,16),('M Azharuddin','no',72,80,4,0,90,1,18),('M Azharuddin','cb',2,10,0,0,20,1,20),('M Azharuddin','cb',24,24,2,0,100,1,62),('M Azharuddin','cb',7,11,1,0,63.64,2,68),('M Azharuddin','cb',27,22,1,1,122.73,1,73),('M D Bates','lbw',13,10,1,1,130,1,39),('M de Lange','dnb',0,0,0,0,0,2,39),('M E K Hussey','b',3,9,0,0,33.33,1,9),('M E K Hussey','cb',26,30,3,0,86.67,2,40),('M E K Hussey','b',64,87,6,1,73.56,2,55),('M E K Hussey','dnb',0,0,0,0,0,2,57),('M E K Hussey','cb',11,9,1,0,122.22,2,59),('M E K Hussey','cb',73,54,8,1,135.19,1,60),('M E Waugh','ro',126,135,8,3,93.33,1,16),('M E Waugh','st',30,62,1,0,48.39,1,19),('M E Waugh','cb',67,114,5,0,58.77,2,65),('M E Waugh','lbw',2,5,0,0,40,1,70),('M E Waugh','lbw',0,2,0,0,0,1,75),('M E Waugh','cb',51,67,5,1,76.1,1,85),('M E Waugh','no',112,128,7,0,87.5,2,88),('M F Maharoof','cb',1,3,0,0,33.33,1,76),('M F Maharoof','dnb',0,0,0,0,0,2,79),('M F Maharoof','cb',10,14,1,0,71.43,2,80),('M G Bevan','ro',6,5,0,0,120,1,16),('M G Bevan','ro',2,3,0,0,66.67,1,19),('M G Bevan','cb',0,1,0,0,0,1,43),('M G Bevan','cb',56,94,4,1,59.57,1,48),('M G Bevan','no',11,14,1,0,78.57,2,65),('M G Bevan','b',21,32,1,0,65.63,1,70),('M G Bevan','cb',69,110,4,1,62.73,1,75),('M G Bevan','cb',17,22,2,0,77.3,1,85),('M G Bevan','dnb',0,0,0,0,0,2,88),('M G Bevan','no',14,16,1,0,87.5,2,90),('M G Johnson','no',6,6,0,1,100,1,9),('M G Johnson','no',8,9,0,0,88.89,1,21),('M G Johnson','b',9,18,1,0,50,2,55),('M G Johnson','dnb',0,0,0,0,0,2,57),('M G Johnson','dnb',0,0,0,0,0,2,59),('M G Johnson','no',14,8,2,0,175,1,60),('M G Johnson','cb',2,2,0,0,100,1,98),('M G Johnson','b',4,6,0,0,66.7,1,99),('M I Black','dnb',0,0,0,0,0,1,88),('M J Clarke','cb',8,19,0,0,42.11,1,9),('M J Clarke','cb',10,21,1,0,47.62,1,21),('M J Clarke','b',38,43,5,0,88.37,1,35),('M J Clarke','cb',75,76,10,1,98.68,1,98),('M J Clarke','lbw',22,28,3,0,78.6,1,99),('M J D Allingham','st',3,28,0,0,10.71,1,65),('M J Guptill','lbw',13,23,1,0,56.52,2,6),('M J Guptill','cb',51,81,5,0,62.96,2,23),('M J Guptill','lbw',0,3,0,0,0,2,25),('M J Guptill','lbw',33,56,2,2,58.93,2,26),('M J Guptill','b',70,66,9,0,106.06,1,32),('M J Guptill','cb',58,73,8,0,79.45,1,36),('M J Guptill','cb',7,13,1,0,53.85,1,39),('M J Guptill','b',66,76,3,1,86.84,1,52),('M J Guptill','cb',53,55,7,1,96.36,2,54),('M J Guptill','cb',11,10,1,1,110,2,58),('M J Guptill','cb',40,64,3,0,62.5,1,59),('M J Horne','lbw',35,86,4,0,40.7,2,66),('M J Horne','cb',5,8,1,0,62.5,2,70),('M J McClenaghan','dnb',0,0,0,0,0,1,96),('M J Prior','b',21,21,3,0,100,1,5),('M J Prior','b',21,21,3,0,100,1,8),('M J Smith','cb',13,32,1,0,40.63,1,65),('M K Tiwary','lbw',21,38,2,0,55.26,2,30),('M L Hayden','cb',37,54,5,0,68.52,1,41),('M L Hayden','cb',20,38,2,0,52.63,1,43),('M L Hayden','cb',20,14,5,0,142.86,2,44),('M L Hayden','cb',1,4,0,0,25,1,48),('M L Nkala','cb',0,5,0,0,0,1,81),('M L Nkala','cb',9,6,1,0,150,1,87),('M L Nkala','b',16,22,0,0,72.73,1,90),('M M Patel','dnb',0,0,0,0,0,1,1),('M M Patel','b',0,1,0,0,0,1,4),('M M Patel','b',1,2,0,0,50,1,7),('M M Patel','dnb',0,0,0,0,0,2,9),('M M Patel','dnb',0,0,0,0,0,2,10),('M M Prabhakar','dnb',0,0,0,0,0,2,12),('M M Prabhakar','cb',1,12,0,0,8.33,2,14),('M M Prabhakar','ro',3,6,0,0,50,2,16),('M M Prabhakar','cb',7,36,1,0,19.44,1,18),('M M Sharma','no',0,5,0,0,0,2,92),('M M Sharma','dnb',0,0,0,0,0,2,94),('M Mbangwa','dnb',0,0,0,0,0,2,63),('M Morkel','dnb',0,0,0,0,0,2,3),('M Morkel','dnb',0,0,0,0,0,2,4),('M Morkel','dnb',0,0,0,0,0,1,31),('M Morkel','dnb',0,0,0,0,0,2,36),('M Morkel','dnb',0,0,0,0,0,1,91),('M Morkel','dnb',0,0,0,0,0,1,92),('M Morkel','b',17,18,1,1,94.44,2,95),('M Muralitharan','no',0,1,0,0,0,2,2),('M Muralitharan','ro',7,3,0,1,233.33,1,6),('M Muralitharan','dnb',0,0,0,0,0,1,10),('M Muralitharan','dnb',0,0,0,0,0,2,18),('M Muralitharan','cb',16,14,3,0,114.29,2,49),('M Muralitharan','b ',12,8,2,0,150,1,61),('M Muralitharan','no',0,0,0,0,0,2,69),('M Muralitharan','dnb',0,0,0,0,0,2,72),('M Muralitharan','no',1,1,0,0,100,1,76),('M Muralitharan','cb',2,5,0,0,40,2,80),('M Muralitharan','dnb',0,0,0,0,0,1,84),('M Muralitharan','cb',0,1,0,0,0,2,86),('M Muralitharan','ro',6,5,0,0,120,1,89),('M N Samuels','no',101,103,7,1,98.06,1,23),('M N Samuels','lbw',46,64,6,1,71.88,1,25),('M N Samuels','cb',43,59,4,1,72.88,1,26),('M N Samuels','cb',11,41,1,0,26.83,1,40),('M N Samuels','cb',1,6,0,0,16.67,2,81),('M N Samuels','cb',57,96,5,0,59.4,2,85),('M N Samuels','b',34,33,2,0,103.03,2,87),('M N Samuels','cb',20,27,2,0,74.1,1,88),('M N Samuels','b',71,93,7,1,76.34,1,94),('M N van Wyk','lbw',5,5,1,0,100,2,4),('M N Waller','lbw',12,20,0,0,60,2,32),('M N Waller','b',2,7,0,0,28.6,1,100),('M Ntini','dnb',0,0,0,0,0,2,84),('M Ntini','dnb',0,0,0,0,0,1,86),('M Ntini','dnb',0,0,0,0,0,2,89),('M O Odumbe','st',26,57,0,0,45.61,1,12),('M O Odumbe','cb',19,16,1,1,118.75,2,42),('M O Odumbe','no',38,20,8,0,190,2,47),('M O Odumbe','lbw',20,57,0,0,35.09,1,63),('M O Odumbe','b',6,13,0,0,46.15,1,67),('M S Atapattu','b',14,17,3,0,82.35,2,43),('M S Atapattu','no',103,127,7,0,81.1,1,45),('M S Atapattu','cb',0,7,0,0,0,2,49),('M S Atapattu','cb',3,9,0,0,33.33,1,61),('M S Atapattu','cb',1,10,0,0,10,2,69),('M S Atapattu','no',51,70,1,0,72.86,1,84),('M S Atapattu','cb',10,26,0,0,38.5,2,86),('M S Atapattu','b',20,28,2,0,71.43,1,89),('M S Dhoni','dnb',0,0,0,0,0,1,1),('M S Dhoni','no',12,21,0,0,57.14,1,4),('M S Dhoni','st',22,30,1,0,73.33,1,7),('M S Dhoni','cb',7,8,1,0,87.5,2,9),('M S Dhoni','no',91,79,8,2,115.19,2,10),('M S Dhoni','cb',35,29,3,1,120.69,1,27),('M S Dhoni','cb',11,16,2,0,68.75,1,28),('M S Dhoni','b',31,49,1,0,63.27,2,29),('M S Dhoni','cb',4,5,1,0,80,2,33),('M S Dhoni','no',44,58,0,1,75.86,2,35),('M S Dhoni','no',4,1,1,0,400,2,38),('M S Dhoni','lbw',3,9,0,0,33.33,2,51),('M S Dhoni','dnb',0,0,0,0,0,2,56),('M S Dhoni','cb',34,46,4,0,73.91,2,60),('M S Dhoni','no',38,45,3,1,84.44,2,77),('M S Dhoni','b',56,71,2,1,78.87,2,78),('M S Dhoni','ro',41,53,6,0,77.36,1,79),('M S Dhoni','cb',38,50,2,1,76,1,80),('M S Dhoni','cb',19,31,0,0,61.3,2,91),('M S Dhoni','b',65,71,8,1,91.6,2,92),('M S Dhoni','no',23,23,3,0,100,2,94),('M S Sinclair','ro',85,120,9,1,70.83,2,82),('M S Sinclair','cb',7,21,1,0,33.33,1,83),('M S Wade','cb',6,8,1,0,75,1,21),('M S Wade','b',16,18,1,0,88.89,1,35),('M S Wade','cb',15,36,2,0,41.67,2,40),('M S Wade','cb',0,1,0,0,0,1,98),('M S Wade','cb',36,40,3,0,90,1,99),('M Sheikh','b',7,6,1,0,116.67,1,67),('M V Boucher','b',8,10,1,0,80,2,53),('M V Boucher','b',34,36,4,1,94.44,2,62),('M V Boucher','b',1,10,0,0,10,1,69),('M V Boucher','dnb',0,0,0,0,0,2,84),('M V Boucher','no',5,3,1,0,167,1,86),('M V Boucher','no',8,7,1,0,114.29,2,89),('M V Dillon','ro',6,23,0,0,26.09,2,64),('M V Nagamootoo','cb',3,11,0,0,27.27,2,81),('M V Nagamootoo','lbw',3,2,0,0,150,2,85),('M V Nagamootoo','cb',8,17,0,0,47.06,2,87),('M V Nagamootoo','cb',0,7,0,0,0,1,88),('M W Goodwin','cb',17,22,2,0,77.27,2,63),('M W Goodwin','cb',17,40,3,0,42.5,1,68),('Manjural Islam','no',6,6,0,0,100,1,66),('Mashrafe Bin Mortaza','b',1,3,0,0,33.33,2,37),('Mashrafe Bin Mortaza','no',0,2,0,0,0,1,77),('Mashrafe Bin Mortaza','dnb',0,0,0,0,0,2,96),('Mashrafe Bin Mortaza','b',14,8,2,1,175,1,97),('Mehrab Hossain','lbw',2,4,0,0,50,1,66),('Mirwais Ashraf','lbw',12,27,2,0,44.44,1,34),('Misbah-ul-Haq','no',83,91,6,0,91.21,1,2),('Misbah-ul-Haq','no',40,55,3,2,72.73,2,34),('Misbah-ul-Haq','b',8,13,0,0,61.54,1,37),('Misbah-ul-Haq','no',4,5,0,0,80,1,38),('Misbah-ul-Haq','hw',41,53,4,0,77.36,1,55),('Misbah-ul-Haq','no',79,107,4,2,73.8,1,93),('Misbah-ul-Haq','cb',13,19,1,0,68.42,1,95),('Mohammad Amir','cb',0,1,0,0,0,1,51),('Mohammad Amir','no',19,20,4,0,95,1,58),('Mohammad Amir','b',5,14,0,0,35.71,2,76),('Mohammad Amir','ro',3,7,0,0,42.86,1,78),('Mohammad Ashraful','cb',20,37,2,0,54.05,1,77),('Mohammad Asif','dnb',0,0,0,0,0,1,55),('Mohammad Asif','b',0,2,0,0,0,2,76),('Mohammad Hafeez','ro',32,31,4,1,103.23,1,2),('Mohammad Hafeez','b',8,17,1,0,47.06,2,34),('Mohammad Hafeez','cb',89,126,7,0,70.63,1,37),('Mohammad Hafeez','lbw',105,113,9,1,92.92,1,38),('Mohammad Hafeez','cb',5,10,1,0,50,1,95),('Mohammad Kaif','cb',0,3,0,0,0,2,41),('Mohammad Kaif','ro',15,20,0,0,75,1,42),('Mohammad Kaif','no',68,129,8,0,52.71,2,46),('Mohammad Kaif','b',19,24,1,0,79.17,1,49),('Mohammad Mahmudullah','b',6,6,0,0,100,2,1),('Mohammad Mahmudullah','lbw',0,1,0,0,0,2,37),('Mohammad Mahmudullah','cb',23,41,2,0,56.1,1,77),('Mohammad Mahmudullah','cb',16,13,1,0,123.08,2,96),('Mohammad Mahmudullah','cb',21,26,1,0,80.77,1,97),('Mohammad Nabi','lbw',2,17,0,0,11.76,2,22),('Mohammad Nabi','ro',37,56,0,2,66.07,1,34),('Mohammad Rafique','lbw',0,1,0,0,0,1,66),('Mohammad Shahzad','cb',11,17,2,0,64.71,2,22),('Mohammad Shahzad','cb',20,17,3,1,117.65,1,34),('Mohammad Yousuf','b',87,88,7,0,98.86,1,51),('Mohammad Yousuf','cb',45,69,3,0,65.22,1,55),('Mohammad Yousuf','b',45,78,3,0,57.69,1,58),('Mohammad Yousuf','cb',34,53,2,0,64.15,1,64),('Mohammed Shami','b',8,14,0,0,57.1,2,91),('Mohammed Shami','cb',0,4,0,0,0,2,92),('Mohammed Shami','dnb',0,0,0,0,0,2,94),('Mohammed Shami','dnb',0,0,0,0,0,2,100),('Moin Khan','no',11,10,0,0,110,1,64),('Mominul Haque','cb',32,33,4,0,96.97,2,96),('Mominul Haque','cb',31,34,5,0,91.18,1,97),('Mushfiqur Rahim','cb',25,30,2,0,83.33,2,1),('Mushfiqur Rahim','b',3,5,0,0,60,2,37),('Mushfiqur Rahim','cb',30,55,1,0,54.55,1,77),('Mushfiqur Rahim','cb',2,4,0,0,50,2,96),('Mushfiqur Rahim','cb',31,28,1,2,110.71,1,97),('Mushtaq Ahmed','dnb',0,0,0,0,0,1,17),('Mushtaq Ahmed','dnb',0,0,0,0,0,1,71),('Mushtaq Ahmed','cb',0,2,0,0,0,2,73),('N A M McLean','no',40,32,6,0,125,2,81),('N A M McLean','dnb',0,0,0,0,0,2,85),('N A M McLean','cb',1,12,0,0,8.33,2,87),('N A M McLean','no',6,9,0,0,66.7,1,88),('N Boje','dnb',0,0,0,0,0,2,62),('N Boje','dnb',0,0,0,0,0,2,84),('N Boje','b',32,38,2,0,84.2,1,86),('N Boje','lbw',40,31,5,0,129.03,2,89),('N C Johnson','cb',59,70,7,2,84.29,2,63),('N C Johnson','cb',7,10,1,0,70,1,68),('N D McKenzie','dnb',0,0,0,0,0,2,84),('N D McKenzie','cb',18,21,0,0,85.7,1,86),('N D McKenzie','cb',0,5,0,0,0,2,89),('N H Fairbrother','b',36,46,1,0,78.26,2,11),('N H Fairbrother','cb',3,10,0,0,30,2,15),('N H Fairbrother','dnb',0,0,0,0,0,2,61),('N H Fairbrother','dnb',0,0,0,0,0,2,67),('N Hussain','st',14,33,1,0,42.42,2,61),('N Hussain','no',88,127,11,1,69.29,2,67),('N J Astle','cb',101,132,8,2,76.52,1,11),('N J Astle','ro',1,4,0,0,25,1,13),('N J Astle','lbw',0,1,0,0,0,1,46),('N J Astle','cb',0,3,0,0,0,2,48),('N J Astle','no',102,122,11,0,83.61,2,50),('N J Astle','cb',4,5,1,0,80,2,66),('N J Astle','cb',4,8,0,0,50,2,70),('N J Astle','cb',6,17,1,0,35.29,2,71),('N J Astle','no',89,115,7,2,77.39,2,82),('N J Astle','b',48,60,9,0,80,1,83),('N J N O\'Brien','b',6,8,0,0,75,1,22),('N L McCullum','cb',4,8,0,0,50,2,6),('N L McCullum','b',1,4,0,0,25,2,23),('N L McCullum','cb',11,19,0,0,57.89,2,25),('N L McCullum','b',30,42,2,0,71.43,1,32),('N L McCullum','cb',10,13,0,1,76.92,1,39),('N L McCullum','dnb',0,0,0,0,0,1,96),('N L McCullum','cb',25,23,0,2,108.7,2,97),('N L T Perera','b',8,6,1,0,133.33,2,2),('N L T Perera','no',22,9,3,1,244.44,1,10),('N L T Perera','cb',44,28,3,1,157.14,2,27),('N L T Perera','cb',2,3,0,0,66.67,1,30),('N L T Perera','no',69,44,3,5,156.82,2,31),('N L T Perera','st',7,12,0,0,58.33,1,33),('N M Coulter-Nile','no',7,6,1,0,117,1,99),('N M Hauritz','no',9,18,1,0,50,2,55),('N M Hauritz','dnb',0,0,0,0,0,2,57),('N M Hauritz','dnb',0,0,0,0,0,2,59),('N M Hauritz','dnb',0,0,0,0,0,1,60),('N M K Smith','b',11,24,1,0,45.83,2,15),('N O Miller','no',17,23,1,1,73.91,1,56),('N R Dyer','dnb',0,0,0,0,0,1,65),('N R Kumar','cb',9,23,1,0,39.13,1,24),('N R Mongia','no',8,7,1,0,114.29,2,12),('N R Mongia','no',24,33,3,0,72.73,2,14),('N R Mongia','cb',27,32,3,0,84.38,2,16),('N R Mongia','dnb',0,0,0,0,0,1,18),('N R Mongia','no',6,9,0,0,66.67,1,20),('N R Mongia','no',5,2,1,0,250,1,62),('N R Mongia','b',28,24,2,1,116.67,2,68),('N R Mongia','ro',3,3,0,0,100,1,73),('N S Sidhu','cb',1,11,0,0,9.09,2,12),('N S Sidhu','b',1,5,0,0,20,2,14),('N S Sidhu','cb',80,116,5,0,68.97,1,20),('N S Sidhu','b',93,115,11,0,80.87,1,73),('N T Broom','cb',15,21,2,0,71.43,1,52),('N T Broom','cb',17,36,1,0,47.22,2,54),('N T Broom','no',3,4,0,0,75,2,58),('N T Broom','ro',37,62,5,0,59.68,1,59),('N W Bracken','dnb',0,0,0,0,0,1,85),('N W Bracken','dnb',0,0,0,0,0,2,88),('N W Bracken','dnb',0,0,0,0,0,2,90),('Naeem Islam','lbw',2,8,0,0,25,2,1),('Naeem Islam','cb',3,12,0,0,25,1,77),('Naeem Islam','ro',63,74,5,0,85.14,2,96),('Naeem Islam','cb',16,19,1,1,84.21,1,97),('Naimuir Rahman','lbw',18,51,0,0,35.29,1,66),('Najibullah Zadran','cb',23,32,4,0,71.88,2,22),('Nasir Hossain','b',47,49,3,1,95.92,2,37),('Nasir Hossain','no',44,38,5,1,115.79,2,96),('Nasir Hossain','cb',3,6,0,0,50,1,97),('Nasir Jamshed','ro',54,64,5,1,84.38,1,37),('Nasir Jamshed','cb',112,104,10,1,107.69,1,38),('Nasir Jamshed','cb',24,46,1,0,52.17,1,95),('Naved-ul-Hasan','no',11,8,1,0,137.5,1,51),('Naved-ul-Hasan','no',7,3,1,0,233.33,1,55),('Naved-ul-Hasan','cb',8,8,0,1,100,1,58),('Nawroz Mangal','b',11,17,2,0,64.71,1,34),('Nazimuddin','cb',30,33,4,1,90.91,2,37),('Noor Ali Zadran','cb',9,8,1,0,112.5,1,34),('O A Shah','cb',98,89,5,6,110.11,1,53),('O A Shah','cb',3,10,0,0,30,1,54),('O A Shah','cb',0,2,0,0,0,1,57),('O D Gibson','b',6,5,1,0,120,1,14),('O D Gibson','cb',1,2,0,0,50,2,75),('P A de Silva','st',8,14,1,0,57.14,2,18),('P A de Silva','ro',11,16,2,0,68.75,2,43),('P A de Silva','cb',25,31,2,0,80.65,1,45),('P A de Silva','lbw',0,3,0,0,0,2,49),('P A de Silva','cb',0,6,0,0,0,1,61),('P A de Silva','lbw',1,8,0,0,12.5,2,69),('P A de Silva','cb',31,30,5,0,103.33,2,72),('P A de Silva','cb',20,24,3,0,83.33,1,89),('P A J De Freitas','ro',22,24,1,1,91.67,2,15),('P A J De Freitas','lbw',67,64,5,2,104.69,1,72),('P A Strang','b',14,21,1,0,66.67,2,20),('P A Strang','cb',29,21,3,2,138.1,2,63),('P A Strang','b',18,26,1,0,69.23,1,68),('P D Collingwood','b',82,94,6,1,87.23,1,53),('P D Collingwood','cb',40,58,2,3,68.97,1,54),('P D Collingwood','cb',34,30,5,1,113.33,1,57),('P J Forrest','cb',12,30,0,0,40,1,21),('P J Forrest','cb',66,83,5,2,79.52,1,35),('P J Forrest','cb',24,28,4,0,85.71,2,40),('P J Hughes','cb',2,9,0,0,22.22,1,98),('P J Martin','cb',3,7,0,0,42.86,2,11),('P J Martin','no',1,3,0,0,33.33,2,15),('P J Martin','no',0,1,0,0,0,1,72),('P J Ongondo','cb',0,5,0,0,0,2,42),('P J Ongondo','cb',1,3,0,0,33.33,1,44),('P J Wiseman','no',7,3,1,0,233.33,1,83),('P Kumar','dnb',0,0,0,0,0,2,33),('P Kumar','dnb',0,0,0,0,0,2,38),('P Kumar','dnb',0,0,0,0,0,2,56),('P Kumar','no',40,32,5,1,125,2,60),('P Kumar','dnb',0,0,0,0,0,2,77),('P Kumar','no',3,2,0,0,150,2,78),('P Kumar','b',0,1,0,0,0,1,79),('P Kumar','dnb',0,0,0,0,0,1,80),('P L Mommsen','lbw',5,20,0,0,25,2,24),('P L Symcox','dnb',0,0,0,0,0,2,13),('P L Symcox','cb',1,4,0,0,25,1,15),('P L Symcox','cb',24,20,1,2,120,2,74),('P M Siddle','dnb',0,0,0,0,0,2,55),('P M Siddle','dnb',0,0,0,0,0,2,57),('P M Siddle','dnb',0,0,0,0,0,2,59),('P M Siddle','dnb',0,0,0,0,0,1,60),('P P Ojha','cb',5,18,0,0,27.78,1,28),('P P Ojha','no',0,3,0,0,0,1,79),('P R Adams','dnb',0,0,0,0,0,2,17),('P R Adams','b',10,14,0,0,71.43,2,74),('P R Reiffel','no',4,6,0,0,66.67,1,19),('P R Reiffel','ro',7,11,0,0,63.64,1,75),('P R Stirling','cb',6,5,0,0,120,1,22),('P S De Villiers','cb',12,11,1,0,109.09,1,15),('P Utseya','no',8,12,0,0,66.7,1,100),('P V Simmons','cb',5,16,0,0,31.25,2,64),('Q de Kock','cb',106,118,9,0,89.8,1,91),('Q de Kock','cb',135,121,18,3,112,1,92),('Q de Kock','cb',15,18,3,0,83.33,2,93),('Q de Kock','b',19,24,3,0,79.17,2,95),('R A Harper','b',23,40,1,1,57.5,1,14),('R A Harper','lbw',22,27,2,0,81.48,2,19),('R A Harper','lbw',9,15,1,0,60,1,74),('R A Harper','lbw',2,5,0,0,40,2,75),('R A Jadeja','no',24,28,1,0,85.71,2,33),('R A Jadeja','cb',12,8,0,0,150,2,35),('R A Jadeja','lbw',5,13,0,0,38.46,2,60),('R A Jadeja','dnb',0,0,0,0,0,2,77),('R A Jadeja','b',6,9,0,0,66.67,2,78),('R A Jadeja','lbw',0,1,0,0,0,1,79),('R A Jadeja','no',25,27,1,0,92.59,1,80),('R A Jadeja','cb',26,34,1,1,76.5,2,91),('R A Jadeja','b',29,30,6,0,96.7,2,92),('R A Jadeja','no',2,11,0,0,18.18,2,94),('R A Jadeja','dnb',0,0,0,0,0,2,100),('R A P Nissanka','cb',0,4,0,0,0,2,49),('R A Smith','ro',25,41,3,0,60.98,1,72),('R Ashwin','no',10,7,1,0,142.86,1,7),('R Ashwin','dnb',0,0,0,0,0,2,9),('R Ashwin','no',0,0,0,0,0,1,27),('R Ashwin','ro',21,15,3,0,140,1,28),('R Ashwin','no',30,38,3,0,78.95,2,33),('R Ashwin','no',1,2,0,0,50,2,35),('R Ashwin','dnb',0,0,0,0,0,2,38),('R Ashwin','cb',15,26,1,0,57.7,2,91),('R Ashwin','cb',19,19,4,0,100,2,92),('R Ashwin','dnb',0,0,0,0,0,2,94),('R B Richardson','cb',47,70,4,0,67.14,1,14),('R B Richardson','no',93,133,10,1,69.92,2,19),('R B Richardson','cb',10,27,0,0,37.04,1,74),('R B Richardson','no',49,83,4,0,59.04,2,75),('R C Russell','cb',2,9,0,0,22.22,2,11),('R C Russell','cb',12,32,0,0,37.5,2,15),('R C Russell','b',9,17,0,0,52.94,1,72),('R D B Croft','dnb',0,0,0,0,0,2,67),('R D Berrington','b',9,13,0,0,69.23,2,24),('R D Jacobs','cb',25,53,3,1,47.17,2,64),('R D Jacobs','lbw',6,21,1,0,28.57,2,81),('R D Jacobs','cb',24,51,1,0,47.1,2,85),('R D Jacobs','hw',4,9,0,0,44.44,2,87),('R D Jacobs','no',44,50,3,0,88,1,88),('R D Shah','lbw',1,17,0,0,5.88,2,42),('R D Shah','cb',46,83,6,0,55.42,1,44),('R D Shah','ro',14,27,2,0,51.85,2,47),('R D Shah','cb',37,43,5,0,86.05,1,63),('R D Shah','cb',46,80,4,0,57.5,1,67),('R Dravid','b',47,57,2,0,82.46,2,41),('R Dravid','no',1,1,0,0,100,1,42),('R Dravid','no',53,89,7,0,59.55,2,46),('R Dravid','no',18,12,2,0,150,1,49),('R Dravid','ro',76,103,4,0,73.79,2,51),('R Dravid','ro',4,2,1,0,200,2,56),('R Dravid','b',54,75,5,0,72,1,62),('R Dravid','cb',13,14,2,0,92.86,2,68),('R E van der Merwe','b',0,2,0,0,0,2,53),('R G Sharma','b',5,8,0,0,62.5,1,27),('R G Sharma','b',0,5,0,0,0,1,28),('R G Sharma','lbw',0,1,0,0,0,2,29),('R G Sharma','lbw',4,14,0,0,28.57,2,30),('R G Sharma','cb',10,17,1,0,58.82,2,33),('R G Sharma','cb',33,41,1,1,80.49,2,35),('R G Sharma','cb',68,83,5,1,81.93,2,38),('R G Sharma','lbw',0,1,0,0,0,2,77),('R G Sharma','lbw',22,24,2,0,91.67,2,78),('R G Sharma','ro',69,73,7,0,94.52,1,79),('R G Sharma','cb',41,52,3,0,78.85,1,80),('R G Sharma','cb',19,26,2,0,73.1,2,91),('R G Sharma','ro',18,43,2,0,41.9,2,92),('R G Sharma','cb',4,14,0,0,28.57,2,94),('R G Sharma','cb',20,40,2,0,50,2,100),('R G Twose','cb',17,26,1,0,65.38,1,11),('R G Twose','cb',13,17,2,0,76.47,1,13),('R G Twose','no',30,36,3,1,83.33,2,66),('R G Twose','no',80,99,10,0,80.81,2,70),('R G Twose','cb',24,38,0,0,63.16,2,71),('R G Twose','dnb',0,0,0,0,0,2,82),('R G Twose','cb',30,35,1,2,85.71,1,83),('R Gunasekera','st',53,75,5,2,70.67,1,24),('R I C Holder','b',0,3,0,0,0,1,14),('R I C Holder','ro',5,9,0,0,55.56,1,74),('R J Harris','no',2,4,0,0,50,1,35),('R J Kennedy','b',2,3,0,0,66.67,2,71),('R J Nicol','cb',15,23,2,0,65.22,2,23),('R J Nicol','cb',35,32,3,2,109.38,2,25),('R J Nicol','cb',2,2,0,0,100,2,26),('R J Nicol','cb',0,5,0,0,0,1,32),('R J Nicol','lbw',11,17,2,0,64.71,1,36),('R J Nicol','cb',12,40,0,0,30,1,39),('R J Peterson','dnb',0,0,0,0,0,2,3),('R J Peterson','no',18,7,2,1,257.14,2,4),('R J Peterson','no',23,31,2,0,74.19,1,31),('R J Peterson','dnb',0,0,0,0,0,2,36),('R J Peterson','dnb',0,0,0,0,0,2,39),('R J Sidebottom','cb',20,41,3,0,48.78,1,54),('R K Illingworth','no',3,4,0,0,75,2,11),('R K Illingworth','dnb',0,0,0,0,0,1,72),('R L Powell','cb',4,18,0,0,22.22,2,64),('R L Powell','lbw',0,4,0,0,0,2,81),('R L Powell','cb',12,27,2,0,44.4,2,85),('R L Powell','no',83,90,9,1,92.22,2,87),('R L Powell','cb',19,26,1,0,73.1,1,88),('R M Haq','no',0,8,0,0,0,2,24),('R McLaren','no',12,5,1,1,240,1,91),('R McLaren','dnb',0,0,0,0,0,1,92),('R McLaren','b',17,29,2,0,58.62,2,93),('R P Arnold','cb',3,27,0,0,11.11,2,43),('R P Arnold','cb',1,3,0,0,33.33,1,45),('R P Arnold','lbw',8,28,1,0,28.57,2,49),('R P Arnold','dnb',0,0,0,0,0,1,84),('R P Arnold','cb',21,19,2,0,111,2,86),('R P Arnold','cb',32,53,4,0,60.38,1,89),('R P Singh','cb',2,6,0,0,33.33,2,51),('R R Sarwan','lbw',2,10,0,0,20,1,3),('R R Sarwan','cb',31,68,3,0,45.59,2,5),('R R Sarwan','cb',39,68,3,0,57.35,2,7),('R R Sarwan','cb',31,68,3,0,45.59,2,8),('R R Singh','no',4,3,0,0,133.33,1,62),('R R Singh','cb',35,47,1,0,74.47,2,68),('R Rampaul','b',1,4,0,0,25,2,7),('R Rampaul','dnb',0,0,0,0,0,1,94),('R S Bopara','b',4,16,0,0,25,1,5),('R S Bopara','b',4,16,0,0,25,1,8),('R S Bopara','ro',82,85,8,0,96.47,2,21),('R S Bopara','cb',1,2,0,0,50,1,53),('R S Bopara','lbw',30,51,2,0,58.82,1,54),('R S Bopara','cb',62,66,5,0,93.94,2,98),('R S Bopara','lbw',7,19,0,0,36.8,2,99),('R S Kaluwitharana','cb',26,16,6,0,162.5,2,18),('R S Kaluwitharana','cb',57,66,7,0,86.36,1,61),('R S Kaluwitharana','cb',5,10,1,0,50,2,69),('R S Kaluwitharana','b',8,3,2,0,266.67,2,72),('R S Kaluwitharana','b',83,117,8,0,70.94,1,84),('R S Kaluwitharana','b',74,107,5,0,69.2,2,86),('R S Kaluwitharana','cb',9,15,1,0,60,1,89),('R S Mahanama','dnb',0,0,0,0,0,2,18),('R S Mahanama','cb',16,30,2,0,53.33,1,61),('R S Mahanama','lbw',36,71,3,0,50.7,2,69),('R S Mahanama','no',22,38,2,0,57.89,2,72),('R T Crandon','b',5,9,1,0,55.56,1,56),('R T Ponting','cb',104,118,7,1,88.14,1,9),('R T Ponting','cb',12,21,0,0,57.14,1,16),('R T Ponting','ro',102,112,5,1,91.07,1,19),('R T Ponting','cb',6,14,1,0,42.86,1,35),('R T Ponting','no',140,121,4,8,115.7,1,41),('R T Ponting','cb',2,8,0,0,25,1,43),('R T Ponting','lbw',18,30,2,0,60,2,44),('R T Ponting','cb',6,20,0,0,30,1,48),('R T Ponting','cb',32,64,1,0,50,2,55),('R T Ponting','no',111,115,12,1,96.52,2,57),('R T Ponting','lbw',1,4,0,0,25,2,59),('R T Ponting','lbw',74,85,8,2,87.06,1,60),('R T Ponting','cb',33,62,3,0,53.23,2,65),('R T Ponting','cb',47,88,4,0,53.41,1,70),('R T Ponting','lbw',0,15,0,0,0,1,75),('R T Ponting','cb',73,100,3,0,73,1,85),('R T Ponting','no',10,19,1,0,52.6,2,88),('R T Ponting','ro',68,73,7,0,93.15,2,90),('R Telemachus','dnb',0,0,0,0,0,1,86),('R Vinay Kumar','dnb',0,0,0,0,0,2,33),('R Vinay Kumar','dnb',0,0,0,0,0,2,35),('R Vinay Kumar','dnb',0,0,0,0,0,2,100),('R W Ali','dnb',0,0,0,0,0,1,12),('R W Chakabva','cb',2,12,0,0,16.67,2,32),('R W Price','no',26,35,5,0,74.29,2,32),('Ramiz Raja','no',2,2,0,0,100,1,17),('Raqibul Hasan Jnr','no',28,28,0,1,100,2,1),('Rashid Latif','lbw',0,1,0,0,0,1,17),('Rashid Latif','dnb',0,0,0,0,0,1,71),('Rashid Latif','st',26,25,1,2,104,2,73),('Rubel Hossain','no',1,6,0,0,16.67,2,1),('Rubel Hossain','dnb',0,0,0,0,0,2,96),('Rubel Hossain','b',2,7,0,0,28.57,1,97),('S A Ankola','dnb',0,0,0,0,0,1,18),('S A Thomson','no ',17,23,1,0,73.91,1,11),('S A Thomson','cb',29,54,4,0,53.7,1,13),('S A Thomson','cb',13,25,0,0,52,2,71),('S B Styris','cb',6,10,0,0,60,2,6),('S B Styris','cb',15,21,1,0,71.43,1,46),('S B Styris','lbw',3,6,0,0,50,2,48),('S B Styris','cb',13,22,1,0,59.09,2,50),('S B Styris','b',48,33,4,2,145.45,2,82),('S B Styris','cb',9,11,0,0,81.82,1,83),('S C Ganguly','cb',24,25,3,1,96,2,41),('S C Ganguly','no',111,114,5,5,97.37,1,42),('S C Ganguly','b',3,6,0,0,50,2,46),('S C Ganguly','b',48,53,2,2,90.57,1,49),('S C Ganguly','ro',97,142,11,1,68.31,1,62),('S C Ganguly','cb',9,8,2,0,112.5,2,68),('S C J Broad','b',0,2,0,0,0,1,53),('S C J Broad','cb',1,3,0,0,33.33,1,54),('S C Williams','b',15,29,2,0,51.7,1,100),('S Chanderpaul','cb',31,51,1,1,60.78,1,3),('S Chanderpaul','cb',38,66,6,0,57.58,1,14),('S Chanderpaul','b',10,17,0,0,58.82,2,19),('S Chanderpaul','cb',77,96,6,0,80.21,2,64),('S Chanderpaul','cb',56,93,4,0,60.22,1,74),('S Chanderpaul','cb',80,126,7,0,63.49,2,75),('S Dhawan','cb',0,2,0,0,0,2,91),('S Dhawan','cb',12,13,3,0,92.3,2,92),('S Dhawan','cb',119,95,20,0,125.26,2,94),('S Dhawan','cb',17,21,3,0,81,2,100),('S E Bond','no',0,6,0,0,0,1,46),('S E Bond','cb',3,10,0,0,30,2,48),('S E Bond','dnb',0,0,0,0,0,1,52),('S E Bond','dnb',0,0,0,0,0,2,54),('S E Bond','dnb',0,0,0,0,0,2,58),('S E Bond','no',3,9,0,0,33.33,1,59),('S E Marsh','cb',25,40,5,0,62.5,1,99),('S Elworthy','cb',23,40,3,0,57.5,1,69),('S G Law','cb',21,31,1,0,67.74,1,16),('S G Law','no',12,12,0,0,100,1,19),('S G Law','ro',72,105,5,0,68.57,1,75),('S G Peall','cb',9,14,2,0,64.29,2,20),('S H T Kandamby','ro',11,19,1,0,57.89,2,52),('S H T Kandamby','no',7,14,0,0,50,2,79),('S H T Kandamby','ro',31,45,2,0,68.89,2,80),('S J Benn','cb',6,8,1,0,75,1,3),('S J Benn','ro',2,12,0,0,16.67,2,5),('S J Benn','cb',3,12,0,0,25,2,7),('S J Benn','ro',2,12,0,0,16.67,2,8),('S J Palframan','b',16,26,3,0,61.54,2,13),('S J Palframan','cb',28,36,3,0,77.78,1,15),('S J Palframan','dnb',0,0,0,0,0,2,17),('S J Palframan','cb',1,2,0,0,50,2,74),('S K Raina','cb',4,8,0,0,50,1,7),('S K Raina','no',34,28,2,1,121.43,2,9),('S K Raina','dnb',0,0,0,0,0,2,10),('S K Raina','cb',50,45,3,1,111.11,1,27),('S K Raina','b',1,5,0,0,20,1,28),('S K Raina','no',65,45,6,1,144.44,2,29),('S K Raina','no',58,51,4,1,113.73,2,30),('S K Raina','cb',24,27,3,0,88.89,2,33),('S K Raina','b',38,30,3,1,126.67,2,35),('S K Raina','no',12,6,1,1,200,2,38),('S K Raina','lbw',46,41,5,2,112.2,2,51),('S K Raina','dnb',0,0,0,0,0,2,56),('S K Raina','cb',9,10,0,1,90,2,60),('S K Raina','no',1,1,0,0,100,2,77),('S K Raina','ro',34,27,2,2,125.93,2,78),('S K Raina','lbw',18,23,0,1,78.26,1,79),('S K Raina','lbw',29,31,3,0,93.55,1,80),('S K Raina','cb',36,50,3,0,72,2,91),('S K Raina','ro',14,20,2,0,70,2,92),('S K Raina','cb',34,43,3,0,79.07,2,94),('S K Raina','cb',0,2,0,0,0,2,100),('S K Warne','cb',0,1,0,0,0,1,16),('S K Warne','dnb',0,0,0,0,0,1,19),('S K Warne','dnb',0,0,0,0,0,2,65),('S K Warne','b',15,14,2,0,107.14,1,70),('S K Warne','no',6,6,0,0,100,1,75),('S K Warne','dnb',0,0,0,0,0,1,85),('S K Warne','dnb',0,0,0,0,0,2,88),('S K Warne','dnb',0,0,0,0,0,2,90),('S L Campbell','b',5,14,1,0,35.71,1,14),('S L Campbell','cb',1,5,0,0,20,2,19),('S L Campbell','b',9,14,0,1,64.29,2,64),('S L Campbell','cb',0,2,0,0,0,2,81),('S L Campbell','cb',4,17,0,0,23.5,2,85),('S L Campbell','cb',42,52,5,0,80.77,2,87),('S L Campbell','cb',0,5,0,0,0,1,88),('S L Malinga','cb',6,4,0,1,150,1,6),('S L Malinga','dnb',0,0,0,0,0,1,10),('S L Malinga','no',19,10,1,2,190,2,27),('S L Malinga','no',15,7,0,2,214.29,1,30),('S L Malinga','dnb',0,0,0,0,0,2,31),('S L Malinga','no',1,1,0,0,100,1,33),('S L Malinga','cb',15,10,1,1,150,2,52),('S L Malinga','b',16,12,1,1,133.33,1,76),('S L Malinga','cb',7,11,1,0,63.64,2,80),('S L V Raju','dnb',0,0,0,0,0,2,12),('S L Venkatapathy Raju','no',3,4,0,0,75,2,16),('S L Venkatapathy Raju','dnb',0,0,0,0,0,1,20),('S L Venkatapathy Raju','dnb',0,0,0,0,0,1,73),('S Lee','ro',9,10,0,0,90,1,16),('S Lee','dnb',0,0,0,0,0,2,65),('S Lee','ro',2,8,0,0,25,1,70),('S M Davies','b',5,4,0,0,125,1,57),('S M Ervine','b',12,19,1,0,63.16,2,45),('S M Ervine','no',31,14,4,1,221.43,1,50),('S M Katich','dnb',0,0,0,0,0,2,90),('S M Pollock','dnb',0,0,0,0,0,2,13),('S M Pollock','cb',12,13,0,0,92.31,1,15),('S M Pollock','no',20,28,1,0,71.43,2,17),('S M Pollock','dnb',0,0,0,0,0,2,62),('S M Pollock','cb',2,9,0,0,22.22,1,69),('S M Pollock','cb',6,7,0,0,85.71,2,74),('S M Pollock','dnb',0,0,0,0,0,2,84),('S M Pollock','no',1,1,0,0,100,1,86),('S M Pollock','dnb',0,0,0,0,0,2,89),('S M S Senanayake','dnb',0,0,0,0,0,2,31),('S Matsikenyeri','lbw',1,2,0,0,50,2,32),('S Matsikenyeri','no',1,3,0,0,33.33,2,45),('S O Tikolo','cb',65,83,4,1,78.31,1,12),('S O Tikolo','b',56,83,5,2,67.47,2,42),('S O Tikolo','cb',51,100,5,0,51,1,44),('S O Tikolo','cb',2,7,0,0,28.57,2,47),('S O Tikolo','cb',9,17,1,0,52.94,1,63),('S O Tikolo','cb',71,107,8,0,66.36,1,67),('S P Fleming','cb',28,47,3,0,59.57,1,11),('S P Fleming','b',33,79,2,0,41.77,1,13),('S P Fleming','cb',30,59,4,0,50.85,1,46),('S P Fleming','cb',48,70,7,0,68.57,2,48),('S P Fleming','lbw',46,42,10,0,109.52,2,50),('S P Fleming','cb',16,33,2,0,48.48,2,66),('S P Fleming','b',9,20,1,0,45,2,70),('S P Fleming','st',42,43,7,0,97.67,2,71),('S P Fleming','no',8,5,1,0,160,2,82),('S P Fleming','cb',44,68,4,0,64.71,1,83),('S P Narine','no',6,7,0,0,85.71,1,25),('S P Narine','cb',6,9,0,0,66.67,1,26),('S P Narine','dnb',0,0,0,0,0,1,40),('S P Narine','dnb',0,0,0,0,0,1,94),('S R Tendulkar','ro',28,29,4,0,96.55,1,1),('S R Tendulkar','cb',111,101,8,3,109.9,1,4),('S R Tendulkar','cb',2,4,0,0,50,1,7),('S R Tendulkar','cb',53,68,7,0,77.94,2,9),('S R Tendulkar','cb',18,14,2,0,128.57,2,10),('S R Tendulkar','no',127,138,15,1,92.03,2,12),('S R Tendulkar','ro',70,91,8,0,76.92,2,14),('S R Tendulkar','st',90,84,14,1,107.14,2,16),('S R Tendulkar','ro',137,137,8,5,100,1,18),('S R Tendulkar','b',3,12,0,0,25,1,20),('S R Tendulkar','b',48,63,5,0,76.19,2,33),('S R Tendulkar','cb',52,48,5,1,108.33,2,38),('S R Tendulkar','cb',4,5,1,0,80,2,41),('S R Tendulkar','cb',83,101,5,1,82.18,1,42),('S R Tendulkar','cb',15,16,3,0,93.75,2,46),('S R Tendulkar','cb',97,120,7,1,80.83,1,49),('S R Tendulkar','cb',8,14,1,0,57.14,2,51),('S R Tendulkar','cb',14,29,2,0,48.28,2,60),('S R Tendulkar','cb',28,46,5,0,60.87,1,62),('S R Tendulkar','b',31,59,3,0,52.54,1,73),('S R Watson','b',25,38,5,0,65.79,1,9),('S R Watson','cb',66,80,8,0,82.5,1,21),('S R Watson','cb',28,24,2,2,116.67,2,40),('S R Watson','cb',24,22,5,0,109.09,2,55),('S R Watson','no',136,132,10,7,103.03,2,57),('S R Watson','no',105,129,10,4,81.4,2,59),('S R Watson','lbw',5,6,1,0,83.33,1,60),('S R Watson','cb',143,107,12,6,133.64,1,98),('S R Watson','cb',6,11,1,0,54.6,1,99),('S R Waugh','ro',7,15,0,0,46.67,1,16),('S R Waugh','b',57,64,3,1,89.06,1,19),('S R Waugh','no',49,69,7,0,71.01,2,65),('S R Waugh','cb',7,18,0,0,38.89,1,70),('S R Waugh','b',3,18,0,0,16.67,1,75),('S R Waugh','cb',29,33,2,0,87.9,1,85),('S Ramesh','cb',55,77,3,1,71.43,2,68),('S Randiv','dnb',0,0,0,0,0,1,10),('S Randiv','dnb',0,0,0,0,0,2,79),('S Sreesanth','dnb',0,0,0,0,0,1,1),('S Sreesanth','dnb',0,0,0,0,0,2,10),('S T Finn','dnb',0,0,0,0,0,2,99),('S T Jayasuriya','cb',79,76,9,2,103.95,2,18),('S T Jayasuriya','cb',17,24,0,1,70.83,2,43),('S T Jayasuriya','cb',22,44,2,0,50,1,45),('S T Jayasuriya','cb',12,19,1,0,63.16,2,49),('S T Jayasuriya','cb',24,18,4,0,133.33,2,52),('S T Jayasuriya','cb',29,52,4,0,55.77,1,61),('S T Jayasuriya','b',5,14,0,0,35.71,2,69),('S T Jayasuriya','st',82,44,13,3,186.36,2,72),('S T Jayasuriya','lbw',66,83,7,1,79.52,1,84),('S T Jayasuriya','cb',12,21,1,0,57.1,2,86),('S T Jayasuriya','cb',23,17,3,1,135.29,1,89),('S V Carlisle','dnb',0,0,0,0,0,2,63),('S V Carlisle','b',1,2,0,0,50,1,68),('S V Carlisle','cb',29,54,2,0,53.7,1,81),('S V Carlisle','b',32,58,0,1,55.17,1,82),('S V Carlisle','b',13,24,3,0,54.17,2,83),('S V Carlisle','cb',29,42,3,1,69.05,1,87),('S V Carlisle','cb',12,26,0,0,46.15,1,90),('S V Manjrekar','cb',62,91,7,0,68.13,2,16),('S V Manjrekar','cb',32,46,2,1,69.57,1,18),('S V Manjrekar','cb',2,18,0,0,11.11,1,20),('S V Manjrekar','cb',20,43,0,0,46.51,1,73),('S W Masakadza','cb',2,5,0,0,40,2,32),('S W Tait','dnb',0,0,0,0,0,1,9),('Saeed Ajmal','dnb',0,0,0,0,0,2,34),('Saeed Ajmal','no',8,3,1,0,266.67,1,37),('Saeed Ajmal','dnb',0,0,0,0,0,1,38),('Saeed Ajmal','no',0,0,0,0,0,1,51),('Saeed Ajmal','dnb',0,0,0,0,0,1,55),('Saeed Ajmal','no',14,17,2,0,82.35,1,58),('Saeed Ajmal','cb',0,3,0,0,0,1,78),('Saeed Ajmal','cb',0,4,0,0,0,1,93),('Saeed Ajmal','cb',3,5,0,0,60,1,95),('Saeed Anwar','cb',25,30,3,0,83.33,1,17),('Saeed Anwar','cb',10,31,2,0,32.26,1,64),('Saeed Anwar','ro',62,67,0,0,92.54,1,71),('Saeed Anwar','cb',48,32,5,2,150,2,73),('Saleem Malik','cb',40,66,3,0,60.61,1,17),('Saleem Malik','no',55,47,5,0,117.02,1,71),('Saleem Malik','lbw',38,50,4,0,76,2,73),('Salman Butt','b',0,3,0,0,0,2,76),('Salman Butt','ro',74,85,9,0,87.06,1,78),('Samiullah Shenwari','ro',19,43,1,1,44.19,2,22),('Samiullah Shenwari','lbw',32,68,4,0,47.06,1,34),('Saqlain Mushtaq','dnb',0,0,0,0,0,1,17),('Saqlain Mushtaq','no',2,3,0,0,66.67,1,64),('Sarfraz Ahmed','no',19,28,0,0,67.86,1,37),('Shafiul Islam','ro',0,1,0,0,0,2,1),('Shafiul Islam','lbw',1,2,0,0,50,2,37),('Shafiul Islam','lbw',0,3,0,0,0,1,77),('Shahadat Hossain','no',0,7,0,0,0,2,37),('Shahid Afridi','cb',16,12,3,0,133.33,1,2),('Shahid Afridi','dnb',0,0,0,0,0,2,34),('Shahid Afridi','cb',0,1,0,0,0,1,37),('Shahid Afridi','cb',9,15,0,0,60,1,38),('Shahid Afridi','cb',4,2,1,0,200,1,51),('Shahid Afridi','cb',15,18,3,0,83.33,1,55),('Shahid Afridi','cb',4,4,0,0,100,1,58),('Shahid Afridi','cb',11,19,1,0,57.89,1,64),('Shahid Afridi','cb',109,76,8,7,143.42,2,76),('Shahid Afridi','lbw',32,25,2,1,128,1,78),('Shahid Afridi','b',26,23,1,1,113.04,1,95),('Shahriar Hossain','lbw',0,3,0,0,0,1,66),('Shahzaib Hasan','cb',11,33,1,0,33.33,2,76),('Shakib Al Hasan','cb',55,50,5,0,110,2,1),('Shakib Al Hasan','b',64,66,4,0,96.97,2,37),('Shakib Al Hasan','b',7,7,1,0,100,1,77),('Shamsur Rahman','cb',96,107,7,4,89.72,2,96),('Shamsur Rahman','st',25,54,0,2,46.3,1,97),('Shapoor Zadran','b',0,9,0,0,0,2,22),('Shapoor Zadran','no',2,3,0,0,66.67,1,34),('Shoaib Akhtar','dnb',0,0,0,0,0,1,2),('Shoaib Akhtar','dnb',0,0,0,0,0,1,64),('Shoaib Akhtar','cb',1,2,0,0,50,2,76),('Shoaib Akhtar','no',3,5,0,0,60,1,78),('Shoaib Malik','dnb',0,0,0,0,0,2,34),('Shoaib Malik','cb',128,126,16,0,101.59,1,51),('Shoaib Malik','cb',27,37,1,1,72.97,1,55),('Shoaib Malik','cb',2,7,0,0,28.57,1,58),('Shoaib Malik','cb',8,14,0,0,57.14,2,76),('Shoaib Malik','b',39,46,3,0,84.78,1,78),('Sikandar Raza','b',82,112,6,2,73.2,1,100),('Sohag Gazi','no',11,10,2,0,110,2,96),('Sohag Gazi','cb',26,24,1,1,108.33,1,97),('Sohaib Maqsood','cb',25,39,4,0,64.1,1,93),('Sohaib Maqsood','cb',22,43,0,0,51.16,1,95),('Sohail Tanvir','cb',6,11,1,0,54.6,1,93),('Suhrawadi Shuvo','lbw',4,4,0,0,100,1,77),('Syed Rasel','b',0,1,0,0,0,1,77),('T A Boult','no',1,2,0,0,50,2,25),('T A Boult','cb',5,8,0,0,62.5,2,26),('T C Mutombodzi','cb',8,7,0,1,114,1,100),('T D Paine','lbw',29,40,3,1,72.5,2,55),('T D Paine','cb',4,4,1,0,100,2,57),('T D Paine','cb',1,6,0,0,16.67,2,59),('T D Paine','cb',50,62,9,0,80.65,1,60),('T G Southee','lbw',8,8,1,0,100,2,6),('T G Southee','ro',2,3,0,0,66.67,2,23),('T G Southee','ro',3,8,0,0,37.5,2,25),('T G Southee','no',4,6,0,0,66.67,2,26),('T G Southee','lbw',3,4,0,0,75,1,32),('T G Southee','cb',28,27,2,2,103.7,1,36),('T G Southee','b',0,1,0,0,0,2,97),('T J Friend','b',21,20,4,0,105,2,45),('T J Friend','cb',19,23,1,0,82.61,2,83),('T J Friend','b',0,2,0,0,0,1,87),('T J Friend','no',0,0,0,0,0,1,90),('T J Murtagh','cb',15,28,2,0,53.57,1,22),('T L Best','b',3,5,0,0,60,1,25),('T L Best','no',5,8,0,0,62.5,1,26),('T L Chatara','dnb',0,0,0,0,0,1,100),('T M Dilshan','b',41,55,5,0,74.55,2,2),('T M Dilshan','cb',3,15,0,0,20,1,6),('T M Dilshan','b',33,49,3,0,67.35,1,10),('T M Dilshan','lbw',6,6,1,0,100,2,27),('T M Dilshan','cb',50,49,5,0,102.04,2,28),('T M Dilshan','b',4,7,0,0,57.14,1,29),('T M Dilshan','cb',42,48,7,0,87.5,1,30),('T M Dilshan','cb',87,87,9,2,100,2,31),('T M Dilshan','cb',48,79,6,0,60.76,1,33),('T M Dilshan','cb',41,31,7,1,132.26,2,52),('T M Dilshan','cb',18,25,3,0,72,1,76),('T M Dilshan','cb',24,16,4,1,150,2,79),('T M Dilshan','cb',0,2,0,0,0,2,80),('T M Dowlin','b',14,33,2,0,42.42,1,56),('T M Odoyo','cb',8,18,0,0,44.44,1,12),('T M Odoyo','cb',7,15,0,0,46.67,2,42),('T M Odoyo','no',43,60,9,0,71.67,2,47),('T M Odoyo','b ',28,20,2,2,140,1,63),('T M Odoyo','no',34,32,3,1,106.25,1,67),('T N Madondo','cb',9,17,1,0,52.94,1,82),('T N Madondo','ro',0,0,0,0,0,2,83),('T N Madondo','cb',6,21,0,0,28.57,1,87),('T S Nethula','ro',3,3,0,0,100,2,23),('T S Nethula','cb',0,1,0,0,0,1,36),('T T Bresnan','no',20,27,2,0,74.07,1,5),('T T Bresnan','no',20,27,2,0,74.07,1,8),('T T Bresnan','b',80,76,11,0,105.26,1,57),('T T Samaraweera','st',1,4,0,0,25,2,2),('T T Samaraweera','cb',5,8,0,0,62.5,1,6),('T T Samaraweera','lbw',21,34,2,0,61.76,1,10),('T T Samaraweera','cb',17,18,3,0,94.44,2,52),('T T Samaraweera','cb',17,22,0,0,77.27,1,76),('T Taibu','cb',20,39,2,0,51.28,2,32),('T Taibu','b',2,10,0,0,20,2,45),('T Taibu','cb',3,18,0,0,16.67,1,47),('T Taibu','lbw',53,79,3,1,67.09,1,50),('T Thushara','cb',11,14,0,1,78.57,2,52),('T W M Latham','cb',2,8,0,0,25,2,23),('T W M Latham','cb',32,62,1,0,51.61,2,25),('T W M Latham','cb',11,25,0,0,44,2,26),('T W M Latham','cb',24,33,3,0,72.73,1,32),('T W M Latham','cb',43,73,0,2,58.9,1,96),('T W M Latham','ro',0,1,0,0,0,2,97),('Tamim Iqbal','cb',70,86,3,1,81.4,2,1),('Tamim Iqbal','b',64,89,6,1,71.91,2,37),('Tamim Iqbal','cb',22,12,2,1,183.33,1,77),('Tamim Iqbal','b',58,86,5,1,67.44,1,97),('U D U Chandana','cb',9,22,1,0,40.91,2,69),('U T Yadav','no',0,3,0,0,0,1,28),('U T Yadav','dnb',0,0,0,0,0,2,35),('U T Yadav','b',1,5,0,0,20,2,91),('U W M Welegedara','dnb',0,0,0,0,0,2,79),('Umar Akmal','cb',10,15,1,0,66.67,1,2),('Umar Akmal','dnb',0,0,0,0,0,2,34),('Umar Akmal','cb',21,20,2,0,105,1,37),('Umar Akmal','cb',28,24,2,0,116.67,1,38),('Umar Akmal','cb',0,1,0,0,0,1,51),('Umar Akmal','no',2,8,0,0,25,1,55),('Umar Akmal','lbw',55,62,7,0,88.71,1,58),('Umar Akmal','ro',30,40,0,0,75,2,76),('Umar Akmal','cb',21,26,1,0,80.77,1,78),('Umar Akmal','cb',5,26,0,0,19.2,1,93),('Umar Akmal','cb',0,3,0,0,0,1,95),('Umar Amin','cb',7,26,0,0,26.92,2,76),('Umar Amin','cb',5,9,0,0,55.56,1,78),('Umar Amin','cb',25,35,4,1,71.4,1,93),('Umar Gul','dnb',0,0,0,0,0,1,2),('Umar Gul','dnb',0,0,0,0,0,2,34),('Umar Gul','b',39,25,5,1,156,1,37),('Umar Gul','no',0,1,0,0,0,1,38),('Umar Gul','cb',0,2,0,0,0,1,51),('Umar Gul','dnb',0,0,0,0,0,1,55),('Umar Gul','cb',6,8,1,0,75,1,58),('Usman Limbada','ro',0,2,0,0,0,1,24),('V D Philander','no',2,5,0,0,40,1,31),('V D Philander','no',14,5,3,0,280,1,91),('V D Philander','dnb',0,0,0,0,0,2,93),('V D Philander','cb',14,26,2,0,53.85,2,95),('V G Kambli','cb',2,11,0,0,18.18,2,12),('V G Kambli','no',33,48,4,1,68.75,2,14),('V G Kambli','b',0,2,0,0,0,2,16),('V G Kambli','no',1,1,0,0,100,1,18),('V G Kambli','cb',106,110,11,0,96.36,1,20),('V G Kambli','b',24,26,1,0,92.31,1,73),('V Kohli','no',100,83,8,2,120.48,1,1),('V Kohli','cb',1,3,0,0,33.33,1,4),('V Kohli','b',59,76,5,0,77.63,1,7),('V Kohli','cb',24,33,1,0,72.73,2,9),('V Kohli','cb',35,49,4,0,71.43,2,10),('V Kohli','cb',106,113,9,0,93.81,1,27),('V Kohli','cb',1,5,0,0,20,1,28),('V Kohli','cb',38,65,2,0,58.46,2,29),('V Kohli','no',128,119,12,1,107.56,2,30),('V Kohli','ro',77,94,8,1,81.91,2,33),('V Kohli','cb',18,28,1,0,64.29,2,35),('V Kohli','cb',183,148,22,1,123.65,2,38),('V Kohli','cb',16,24,1,0,66.67,2,51),('V Kohli','no',79,104,9,2,75.96,2,56),('V Kohli','cb',30,41,3,0,73.17,2,60),('V Kohli','st',11,22,0,0,50,2,77),('V Kohli','b',18,27,1,0,66.67,2,78),('V Kohli','cb',10,14,1,0,71.43,1,79),('V Kohli','cb',28,34,4,0,82.35,1,80),('V Kohli','cb',0,5,0,0,0,2,91),('V Kohli','cb',31,35,5,0,88.6,2,92),('V Kohli','cb',19,18,3,0,105.56,2,94),('V Kohli','cb',115,108,13,1,106,2,100),('V Permaul','dnb',0,0,0,0,0,1,94),('V Sehwag','b',175,140,14,5,125,1,1),('V Sehwag','b',73,66,12,0,110.61,1,4),('V Sehwag','cb',15,22,2,0,68.18,2,9),('V Sehwag','lbw',0,2,0,0,0,2,10),('V Sehwag','ro',96,97,10,0,98.97,1,27),('V Sehwag','cb',15,15,2,0,100,1,28),('V Sehwag','cb',3,6,0,0,50,2,29),('V Sehwag','cb',34,29,6,0,117.24,2,30),('V Sehwag','cb',10,8,2,0,125,2,33),('V Sehwag','cb',20,21,3,0,95.24,2,35),('V Sehwag','ro',82,81,10,3,101.23,2,41),('V Sehwag','cb',33,56,3,0,58.93,1,42),('V Sehwag','cb',1,6,0,0,16.67,2,46),('V Sehwag','cb',66,76,5,3,86.84,1,49),('V Sehwag','cb',13,11,3,0,118.18,2,60),('V Sehwag','cb',11,14,2,0,78.57,2,77),('V Sehwag','cb',10,32,1,0,31.25,2,78),('V Sibanda','lbw',34,72,3,0,47.2,1,100),('W B Rankin','b',4,4,0,0,100,2,98),('W B Rankin','dnb',0,0,0,0,0,2,99),('W D Parnell','ro',21,17,0,1,123.53,1,31),('W D Parnell','b',27,41,3,0,65.85,2,39),('W D Parnell','no',10,10,0,0,100,2,53),('W D Parnell','dnb',0,0,0,0,0,1,92),('W D Parnell','no',7,9,1,0,77.78,2,93),('W J Cronje','cb',78,64,11,3,121.88,2,13),('W J Cronje','cb',15,31,1,0,48.39,1,15),('W J Cronje','no',45,73,2,0,61.64,2,17),('W J Cronje','cb',27,30,3,0,90,2,62),('W J Cronje','ro',8,21,0,0,38.1,1,69),('W J Cronje','cb',40,47,2,2,85.11,2,74),('W P U Vaas','dnb',0,0,0,0,0,2,18),('W P U Vaas','no',21,50,1,1,42,2,43),('W P U Vaas','no',11,8,1,0,137.5,1,45),('W P U Vaas','cb',9,15,1,0,60,2,49),('W P U Vaas','no',12,27,0,0,44.44,1,61),('W P U Vaas','cb',1,10,0,0,10,2,69),('W P U Vaas','dnb',0,0,0,0,0,2,72),('W P U Vaas','cb',3,4,0,0,75,1,84),('W P U Vaas','ro',1,3,0,0,33.3,2,86),('W P U Vaas','cb',7,27,1,0,25.93,1,89),('W T S Porterfield','cb',7,25,1,0,28,1,22),('W U Tharanga','cb',33,43,6,0,76.74,2,2),('W U Tharanga','ro',3,7,0,0,42.86,1,6),('W U Tharanga','cb',2,20,0,0,10,1,10),('W U Tharanga','cb',28,47,2,0,59.57,2,27),('W U Tharanga','no',59,60,8,0,98.33,2,28),('W U Tharanga','cb',8,20,1,0,40,1,29),('W U Tharanga','st',51,73,4,1,69.86,1,30),('W U Tharanga','cb',6,10,1,0,60,2,31),('W U Tharanga','cb',4,11,0,0,36.36,1,33),('W U Tharanga','cb',11,16,2,0,68.75,1,76),('W U Tharanga','cb',38,46,6,0,82.61,2,79),('W U Tharanga','b',16,30,1,0,53.33,2,80),('W W Hinds','cb',8,30,0,0,26.67,2,81),('W W Hinds','cb',1,4,0,0,25,2,85),('W W Hinds','b',0,5,0,0,0,2,87),('W W Hinds','cb',54,72,4,2,75,1,88),('Wahab Riaz','dnb',0,0,0,0,0,2,34),('Wahab Riaz','dnb',0,0,0,0,0,1,38),('Waqar Younis','dnb',0,0,0,0,0,1,17),('Waqar Younis','dnb',0,0,0,0,0,1,71),('Waqar Younis','no',4,21,0,0,19.05,2,73),('Wasim Akram','no',32,25,3,0,128,1,17),('Wasim Akram','b ',43,29,4,2,148.28,1,64),('Wasim Akram','no',28,26,2,0,107.69,1,71),('X J Doherty','dnb',0,0,0,0,0,1,35),('X J Doherty','cb',1,6,0,0,16.67,2,40),('Y K Pathan','cb',8,10,0,0,80,1,1),('Y K Pathan','cb',0,2,0,0,0,1,4),('Y K Pathan','b',11,10,1,0,110,1,7),('Y K Pathan','dnb',0,0,0,0,0,2,38),('Y K Pathan','cb',5,10,0,0,50,2,51),('Younis Khan','cb',72,76,4,0,94.74,1,2),('Younis Khan','no',70,65,10,0,107.69,2,34),('Younis Khan','cb',12,15,1,0,80,1,37),('Younis Khan','cb',52,34,6,0,152.94,1,38),('Younis Khan','cb',20,33,3,0,60.61,1,51),('Younis Khan','cb',18,49,2,0,36.73,1,55),('Younis Khan','cb',15,23,1,0,65.22,1,58),('Yuvraj Singh','dnb',0,0,0,0,0,1,1),('Yuvraj Singh','cb',12,9,0,1,133.33,1,4),('Yuvraj Singh','cb',113,123,10,2,91.87,1,7),('Yuvraj Singh','no',57,65,8,0,87.69,2,9),('Yuvraj Singh','no',21,24,2,0,87.5,2,10),('Yuvraj Singh','cb',24,34,1,0,70.59,2,41),('Yuvraj Singh','cb',16,10,1,1,160,1,42),('Yuvraj Singh','b',5,6,0,0,83.33,1,49),('Yuvraj Singh','b',0,2,0,0,0,2,92),('Yuvraj Singh','cb',55,74,7,0,74.32,2,94),('Zaheer Khan','dnb',0,0,0,0,0,1,1),('Zaheer Khan','cb',0,3,0,0,0,1,4),('Zaheer Khan','b',5,3,1,0,166.67,1,7),('Zaheer Khan','dnb',0,0,0,0,0,2,9),('Zaheer Khan','dnb',0,0,0,0,0,2,10),('Zaheer Khan','lbw',2,4,0,0,50,1,28),('Zaheer Khan','dnb',0,0,0,0,0,2,33),('Zaheer Khan','dnb',0,0,0,0,0,2,35),('Zaheer Khan','cb',4,8,0,0,50,2,41),('Zaheer Khan','dnb',0,0,0,0,0,2,77),('Zaheer Khan','dnb',0,0,0,0,0,2,78),('Zaheer Khan','cb',0,1,0,0,0,1,79),('Zaheer Khan','dnb',0,0,0,0,0,1,80),('Zeeshan Siddiqi','hw',43,90,2,1,47.78,1,24),('Ziaur Rahman','cb',22,20,2,2,110,2,96);
/*!40000 ALTER TABLE `batting` ENABLE KEYS */;
UNLOCK TABLES;

--
-- Table structure for table `bowling`
--

DROP TABLE IF EXISTS `bowling`;
/*!40101 SET @saved_cs_client     = @@character_set_client */;
/*!40101 SET character_set_client = utf8 */;
CREATE TABLE `bowling` (
  `bowler` varchar(45) NOT NULL,
  `overs` int(11) NOT NULL,
  `maiden` int(11) NOT NULL,
  `runs` int(11) NOT NULL,
  `wickets` int(11) NOT NULL,
  `er` float NOT NULL,
  `innings` int(11) NOT NULL,
  `matchid1` int(11) NOT NULL,
  PRIMARY KEY (`bowler`,`matchid1`),
  KEY `matchid1_idx` (`matchid1`),
  CONSTRAINT `bowler` FOREIGN KEY (`bowler`) REFERENCES `players` (`pname`) ON DELETE NO ACTION ON UPDATE NO ACTION,
  CONSTRAINT `matchid1` FOREIGN KEY (`matchid1`) REFERENCES `matches` (`matchid`) ON DELETE NO ACTION ON UPDATE NO ACTION
) ENGINE=InnoDB DEFAULT CHARSET=utf8;
/*!40101 SET character_set_client = @saved_cs_client */;

--
-- Dumping data for table `bowling`
--

LOCK TABLES `bowling` WRITE;
/*!40000 ALTER TABLE `bowling` DISABLE KEYS */;
INSERT INTO `bowling` VALUES ('A A Donald',10,0,34,3,3.4,1,13),('A A Donald',8,0,50,0,6.25,1,17),('A A Donald',10,0,34,1,3.4,1,62),('A A Donald',6,1,25,1,4.17,2,69),('A A Donald',7,0,42,1,6,1,89),('A B Agarkar',9,0,57,1,6.33,2,62),('A B Agarkar',9,0,70,1,7.78,1,68),('A B Dinda',10,0,76,1,7.6,1,29),('A B Dinda',6,0,28,1,4.67,1,30),('A B Dinda',8,0,47,2,5.88,1,38),('A B Dinda',5,1,39,0,7.8,2,79),('A C Dale',10,2,35,0,3.5,1,65),('A C Dale',5,1,18,1,3.6,2,70),('A C Dawson',9,0,58,0,6.44,1,84),('A C Evans',6,1,13,1,2.11,1,24),('A C I Lock',10,1,57,2,5.7,1,20),('A C Voges',4,0,22,1,5.5,2,60),('A C Voges',4,0,25,1,6.25,2,98),('A D Jadeja',7,0,32,2,4.57,2,20),('A D Jadeja',4,0,22,1,5.5,1,68),('A D Jadeja',5,0,19,0,3.8,2,73),('A D Mathews',10,0,56,1,5.6,1,2),('A D Mathews',3,0,19,1,6.33,2,6),('A D Mathews',10,0,58,1,5.8,1,27),('A D Mathews',7,2,14,3,2,1,28),('A D Mathews',8,0,49,0,5.65,2,29),('A D Mathews',6,1,18,1,3,2,30),('A D Mathews',1,0,6,0,6,1,31),('A D Mathews',9,1,31,2,3.21,2,33),('A D Mathews',6,0,33,2,5.5,1,52),('A D Mathews',10,1,38,2,3.8,2,76),('A D Mathews',6,0,37,1,6.17,1,79),('A D Mathews',3,1,16,0,5.33,1,80),('A D Mullally',10,1,37,4,3.7,1,61),('A D Mullally',10,0,41,0,4.1,1,67),('A D R Campbell',3,0,13,0,4.33,1,20),('A D Russell',8,0,49,4,6.13,1,5),('A D Russell',9,1,46,2,5.02,1,7),('A D Russell',8,0,49,4,6.13,1,8),('A D Russell',9,0,51,1,5.67,2,23),('A D Russell',6,0,49,1,8.17,2,25),('A D Russell',4,1,25,0,6.25,2,26),('A D Russell',7,0,34,2,4.86,2,40),('A F Milne',7,0,46,0,6.57,2,96),('A Flintoff',2,0,12,0,6,1,61),('A J Bichel',10,0,57,1,5.7,2,41),('A J Bichel',10,4,18,0,1.8,2,43),('A J Bichel',9,1,42,2,4.67,1,44),('A J Bichel',5,0,15,1,3,2,48),('A J Hollioake',6,0,21,1,3.5,1,61),('A J Mackay',8,0,56,0,7,2,82),('A J McKay',10,1,45,0,4.5,2,36),('A J McKay',8,0,40,0,5,2,39),('A Kumble',10,0,28,3,2.8,1,12),('A Kumble',10,0,35,3,3.5,1,14),('A Kumble',10,1,47,1,4.7,1,16),('A Kumble',10,1,39,2,3.9,2,18),('A Kumble',9,1,33,2,3.41,2,20),('A Kumble',10,0,44,1,4.4,2,62),('A Kumble',10,0,41,2,4.1,1,68),('A Kumble',10,0,48,3,4.8,2,73),('A M Blignaut',8,0,40,0,5,1,45),('A M Blignaut',9,1,36,1,4,2,47),('A M Blignaut',10,0,41,2,4.1,2,50),('A M Ellis',10,1,54,2,5.4,1,26),('A M Ellis',8,1,34,1,4.25,2,32),('A M Ellis',3,0,16,1,5.33,2,36),('A M Ellis',6,0,35,1,5.83,2,39),('A M Nayar',3,0,17,0,5.67,1,56),('A Mishra',6,0,27,1,4.5,1,56),('A Mishra',10,1,43,3,4.3,1,100),('A N Pradeep',8,0,52,1,6.5,2,30),('A Nehra',8,0,65,0,7.5,2,4),('A Nehra',10,0,57,0,5.7,1,41),('A Nehra',5,1,11,2,2.2,2,42),('A Nehra',10,3,24,1,2.4,1,46),('A Nehra',7,1,35,4,5,2,49),('A Nehra',10,0,55,4,5.5,1,51),('A Nehra',8,1,31,3,3.88,1,56),('A Nehra',10,0,58,2,5.8,1,60),('A Nehra',4,0,28,2,7,1,77),('A Nehra',9,0,58,0,6.44,1,78),('A Nehra',9,0,40,4,4.44,2,80),('A O Suji',2,0,24,0,12,2,44),('A O Suji',6,1,32,0,5.33,2,63),('A O Suji',3,0,6,0,2,2,67),('A P Devcich',7,0,36,1,5.14,2,96),('A R Adams',9,2,46,1,5.11,1,48),('A R Adams',5,0,54,1,10.8,1,50),('A R Cusack',8,2,17,3,2.13,2,22),('A R Kapoor',10,2,41,1,4.1,1,14),('A R Whittall',9,0,51,1,5.67,1,63),('A Ranatunga',4,0,23,0,5.75,1,18),('A S Hansra',3,0,16,1,5.05,2,24),('A Symonds',2,0,7,2,3.5,2,41),('A Symonds',10,1,35,4,3.5,2,85),('A Symonds',10,0,36,0,3.6,1,88),('A Symonds',10,2,38,2,3.8,1,90),('A Y A Karim',10,1,27,1,2.7,2,12),('A Y A Karim',4,0,25,0,6.25,1,42),('A Y A Karim',8,6,7,3,0.84,2,44),('A Y A Karim',9,0,20,0,2.22,1,47),('A Y A Karim',3,0,30,1,10,2,63),('A Y A Karim',8,0,39,0,4.88,2,67),('Aamir Sohail',6,0,35,0,5.83,2,17),('Aamir Sohail',10,0,51,1,5.1,2,71),('Aamir Sohail',5,0,29,1,5.8,1,73),('Aaqib Javed',7,0,45,2,6,2,71),('Aaqib Javed',10,0,67,1,6.7,1,73),('Abdul Razzaq',5,1,23,0,4.6,2,2),('Abdul Razzaq',10,3,32,3,3.2,2,64),('Abdul Razzaq',8,0,27,1,3.38,1,76),('Abdul Razzaq',5,0,18,1,3.6,2,78),('Abdur Razzak',9,0,74,0,8.22,1,1),('Abdur Razzak',10,0,43,1,4.3,1,37),('Abdur Razzak',9,0,57,1,6.33,1,96),('Abdur Razzak',9,0,35,1,3.89,2,97),('Abdur Rehman',10,1,63,1,6.3,2,2),('Abdur Rehman',9,0,40,1,4.44,2,93),('Aizaz Cheema',9,0,47,1,5.22,2,37),('Aizaz Cheema',8,0,60,0,7.5,2,38),('Amir Hamza',7,1,18,2,2.57,1,22),('Amir Hamza',4,0,22,0,5.5,2,34),('Anwar Ali',2,0,15,0,7.5,2,93),('Anwar Ali',6,0,24,2,4,2,95),('Asim Butt',10,3,21,1,2.1,2,65),('Ata-Ur-Rehman',10,0,40,1,4,1,73),('Azhar Mahmood',10,0,48,3,4.8,2,64),('B A Murphy',3,1,7,0,2.33,2,81),('B A Murphy',10,0,38,1,3.8,2,82),('B A Murphy',10,0,43,3,4.3,1,83),('B A Murphy',10,0,52,1,5.2,2,87),('B A Murphy',10,0,47,0,4.7,2,90),('B A Stokes',10,0,61,5,6.1,1,98),('B A Stokes',9,1,42,1,4.67,1,99),('B A W Mendis',6,0,24,2,4,2,6),('B A W Mendis',9,1,49,0,5.44,1,52),('B C Strang',5,1,22,1,4.4,1,20),('B C Strang',8,4,15,3,1.88,2,81),('B C Strang',9,1,48,0,5.33,2,82),('B C Strang',6,0,50,1,8.33,1,83),('B G K Walker',2,0,14,0,7,1,82),('B K V Prasad',10,0,41,1,4.1,1,12),('B K Venkatesh Prasad',10,0,34,0,3.4,1,14),('B K Venkatesh Prasad',10,0,49,2,4.9,1,16),('B K Venkatesh Prasad',10,1,53,1,5.3,2,18),('B K Venkatesh Prasad',7,0,40,0,5.71,2,20),('B K Venkatesh Prasad',8,0,32,0,3.84,2,62),('B K Venkatesh Prasad',10,1,37,2,3.7,1,68),('B K Venkatesh Prasad',10,0,45,3,4.5,2,73),('B Kumar',9,0,68,0,7.56,1,92),('B Kumar',8,0,42,1,5.25,1,94),('B Lee',8,1,45,1,5.19,2,9),('B Lee',10,0,58,0,5.8,2,21),('B Lee',10,0,72,2,7.2,1,40),('B Lee',7,1,31,2,4.43,2,41),('B Lee',8,0,35,3,4.38,2,43),('B Lee',8,3,14,3,1.75,1,44),('B Lee',9,2,42,5,4.58,2,48),('B Lee',10,0,30,1,3,1,55),('B Lee',9,0,46,2,5.11,1,57),('B Lee',10,1,45,2,4.5,1,59),('B Lee',6,0,28,1,4.67,2,60),('B Lee',7,0,40,1,5.71,1,88),('B Lee',8,0,70,0,8.75,1,90),('B M A Mendis',4,0,19,0,4.75,2,29),('B M A Mendis',6,0,37,1,6.17,2,30),('B M McMillan',7,1,26,1,3.71,1,13),('B M McMillan',6,0,17,0,2.83,2,15),('B M McMillan',8,0,31,0,3.88,1,17),('B M McMillan',10,1,37,2,3.7,1,74),('B W Hilfenhaus',10,1,43,0,4.3,1,40),('Bilawal Bhatti',8,1,35,1,4.38,2,93),('Bilawal Bhatti',7,0,37,3,5.16,2,95),('C A Walsh',9,3,18,0,2,2,14),('C A Walsh',9,2,35,2,3.89,1,19),('C A Walsh',10,3,28,3,2.8,1,64),('C A Walsh',8,0,51,1,6,2,74),('C A Walsh',10,1,33,0,3.3,1,75),('C D McMillan',2,1,4,0,2,2,46),('C D McMillan',8,1,30,2,3.75,1,82),('C D McMillan',6,0,49,2,7.35,2,83),('C de Grandhomme',1,0,9,0,9,2,39),('C E Cuffy',10,1,24,4,2.4,1,81),('C E Cuffy',9,1,45,2,5,1,85),('C E Cuffy',9,0,52,1,5.78,1,87),('C E L Ambrose',8,1,41,2,5.13,2,14),('C E L Ambrose',10,4,25,0,2.5,1,19),('C E L Ambrose',10,1,36,1,3.6,1,64),('C E L Ambrose',10,0,29,1,2.9,2,74),('C E L Ambrose',10,1,26,2,2.6,1,75),('C H Gayle',6,0,26,0,4.33,2,3),('C J Anderson',10,0,56,1,5.6,2,96),('C J Anderson',9,1,40,4,4.44,1,97),('C J Jordan',10,0,51,3,5.1,1,98),('C J McKay',10,1,42,1,4.2,2,21),('C J McKay',9,1,53,3,5.48,2,35),('C J McKay',10,1,57,1,5.7,1,40),('C J McKay',9,1,54,0,6,2,98),('C J McKay',10,3,39,4,3.9,2,99),('C L Cairns',4,0,24,0,6,2,11),('C L Cairns',6,0,24,0,4,2,13),('C L Cairns',4,0,16,2,4,1,50),('C L Cairns',7,1,19,3,2.71,1,66),('C L Cairns',7,0,44,0,6.29,1,70),('C L Cairns',10,1,53,1,5.3,1,71),('C O Obuya',6,0,40,0,6.67,1,42),('C O Obuya',8,0,62,0,7.75,2,44),('C O Obuya',10,0,32,3,3.2,1,47),('C R D Fernando',3,0,10,1,3.33,2,45),('C R D Fernando',10,1,61,0,6.1,1,49),('C R D Fernando',7,0,54,0,7.71,2,84),('C R D Fernando',4,0,38,0,9.5,2,89),('C R Matthews',10,2,30,1,3,1,13),('C R Matthews',9,0,30,2,3.16,2,15),('C R Matthews',10,0,47,1,4.7,1,17),('C R Matthews',10,0,42,1,4.2,1,74),('C T Tremlett',5,0,47,0,9.4,2,5),('C T Tremlett',5,0,47,0,9.4,2,8),('C White',5,0,21,0,4.2,1,11),('C Z Harris',9,0,45,1,5,2,11),('C Z Harris',4,0,25,1,6.25,2,13),('C Z Harris',4,1,15,0,3.75,2,46),('C Z Harris',10,1,24,0,2.4,1,48),('C Z Harris',10,0,45,1,4.5,1,50),('C Z Harris',2,0,14,1,7,1,66),('C Z Harris',10,0,50,2,5,1,70),('C Z Harris',8,0,45,1,5.63,1,82),('C Z Harris',7,0,36,1,5.14,2,83),('D A J Bracewell',10,2,58,1,5.8,1,25),('D A J Bracewell',8,1,33,1,4.13,2,32),('D A Marillier',10,0,43,1,4.3,1,45),('D A Marillier',1,0,9,0,9,2,47),('D A Marillier',0,0,4,0,12,2,82),('D A Reeve',4,1,14,1,3.5,2,72),('D Bishoo',10,0,34,3,3.4,1,5),('D Bishoo',10,0,48,1,4.8,1,7),('D Bishoo',10,0,34,3,3.4,1,8),('D Daesrath',4,0,13,1,3.25,2,24),('D E Bernard',3,0,22,0,7.33,2,56),('D G Cork',10,1,36,1,3.6,1,11),('D G Cork',10,0,36,2,3.6,1,15),('D Gough',10,0,63,0,6.3,1,11),('D Gough',10,0,48,2,4.8,1,15),('D Gough',8,0,50,1,5.77,1,61),('D Gough',10,1,34,4,3.4,1,67),('D Gough',10,1,36,1,3.6,2,72),('D J G Sammy',8,0,40,0,5,2,3),('D J G Sammy',3,0,28,0,9.33,1,5),('D J G Sammy',6,0,35,1,5.83,1,7),('D J G Sammy',3,0,28,0,9.33,1,8),('D J G Sammy',8,0,43,0,5.38,2,23),('D J G Sammy',10,1,41,1,4.1,2,25),('D J G Sammy',10,0,30,0,3,2,26),('D J G Sammy',9,0,42,2,4.67,2,40),('D J G Sammy',10,1,25,0,2.5,2,56),('D J G Sammy',3,0,22,0,7.33,2,94),('D J Hussey',5,0,19,1,3.8,2,9),('D J Hussey',3,0,17,0,5.67,2,21),('D J Hussey',3,0,13,0,4.33,2,35),('D J J Bravo',2,0,12,0,5.54,2,3),('D J J Bravo',3,0,20,0,6.67,2,23),('D J J Bravo',3,1,19,0,5.43,2,25),('D J J Bravo',6,0,30,2,5,2,26),('D J J Bravo',6,0,47,2,7.83,2,40),('D J J Bravo',10,0,57,2,5.7,2,94),('D J Nash',7,1,26,3,3.71,2,11),('D J Nash',10,1,30,0,3,1,66),('D J Nash',8,1,30,0,3.75,1,70),('D J Nash',10,1,49,0,4.9,1,71),('D K Morrison',8,0,38,1,4.75,2,11),('D K Morrison',8,0,44,1,5.5,2,13),('D K Morrison',2,0,17,0,8.5,1,71),('D L Vettori',5,0,18,0,3.6,2,46),('D L Vettori',10,1,40,0,4,1,48),('D L Vettori',10,0,52,0,5.2,1,50),('D L Vettori',10,0,45,2,4.5,2,52),('D L Vettori',1,0,2,1,1.71,1,54),('D L Vettori',10,2,43,3,4.3,1,58),('D Mongia',7,0,39,0,5.57,1,41),('D Mongia',0,0,0,1,0,1,46),('D N T Zoysa',10,0,48,0,4.8,2,84),('D N T Zoysa',7,0,52,2,7.43,1,86),('D P M Jayawardene',10,0,46,0,4.6,1,69),('D P Viljoen',10,0,57,0,5.7,1,83),('D P Viljoen',8,0,39,1,4.88,2,87),('D P Viljoen',6,0,37,0,6.17,2,90),('D R Flynn',1,0,9,0,9,1,23),('D R Flynn',2,0,10,0,5,1,26),('D R Martyn',6,1,19,0,3.2,2,85),('D R Tuffey',10,1,41,1,4.1,2,46),('D R Tuffey',8,1,39,2,4.5,2,52),('D S Lehmann',2,0,18,0,9,2,41),('D S Lehmann',1,0,4,0,4,2,43),('D S Lehmann',6,0,22,2,3.67,1,44),('D S Lehmann',7,0,36,1,5.14,1,90),('D S Smith',0,0,5,0,6,2,3),('D Soraine',10,0,57,2,5.7,2,24),('D T Christian',10,0,45,0,4.5,2,35),('D T Hondo',5,0,36,1,7.2,1,45),('D T Hondo',3,1,14,0,4.67,2,47),('D T Hondo',8,0,52,1,6.24,2,50),('D T Johnston',8,3,18,2,2.25,2,22),('D W Fleming',9,0,36,5,4,2,16),('D W Fleming',7,1,44,1,5.62,2,19),('D W Fleming',9,2,19,1,2.11,1,65),('D W Fleming',8,1,43,2,5.16,2,70),('D W Fleming',8,0,48,2,5.65,2,75),('D W Steyn',7,1,24,3,3.2,1,3),('D W Steyn',9,0,50,5,5.17,1,4),('D W Steyn',10,1,37,1,3.7,1,36),('D W Steyn',7,2,28,0,4,1,39),('D W Steyn',10,0,59,1,5.9,1,53),('D W Steyn',7,1,17,3,2.43,2,91),('D W Steyn',8,3,25,3,3.13,2,92),('D W Steyn',10,2,33,3,3.3,1,95),('Dawlat Zadran',10,3,32,2,3.2,1,22),('Dawlat Zadran',9,2,38,2,4.22,2,34),('E A Brandes',3,0,27,0,9,2,68),('E Chigumbura',10,0,46,2,4.6,1,32),('E Chigumbura',5,0,30,1,6,2,100),('E O Odumbe',3,0,18,0,6,2,12),('Enamul Haque',3,0,21,0,7,2,66),('F du Plessis',3,0,22,1,7.33,1,4),('F du Plessis',5,0,26,0,5.2,2,31),('Fawad Ahmed',7,0,51,1,7.29,2,98),('G A Hick',9,0,45,2,5,1,11),('G A Hick',3,0,19,0,6.33,1,61),('G A Hick',4,0,34,1,8.5,2,72),('G B Hogg',10,0,61,1,6.1,2,41),('G B Hogg',10,1,30,2,3,2,43),('G B Hogg',10,1,31,1,3.1,1,44),('G B Hogg',4,0,11,0,2.75,2,48),('G C Tonge',10,0,36,1,3.6,2,56),('G D Drummond',6,1,22,1,3.67,1,24),('G D Elliott',8,0,31,4,3.88,1,54),('G D Elliott',2,0,7,0,3.5,1,58),('G D Elliott',1,0,6,0,6,2,59),('G D Elliott',2,0,10,0,5,1,97),('G D McGrath',8,3,48,0,6,2,16),('G D McGrath',9,0,46,0,5.11,2,19),('G D McGrath',8,0,52,3,6.24,2,41),('G D McGrath',7,1,20,1,2.86,2,43),('G D McGrath',10,1,32,0,3.2,1,44),('G D McGrath',6,1,29,3,4.83,2,48),('G D McGrath',9,0,32,1,3.56,1,65),('G D McGrath',9,0,43,1,4.78,2,70),('G D McGrath',10,2,30,2,3,2,75),('G D McGrath',6,2,7,1,1.2,2,85),('G D McGrath',10,2,42,1,4.2,1,88),('G Goudie',10,0,45,2,4.5,1,24),('G H Dockrell',4,1,8,2,2,2,22),('G I Allott',8,0,30,3,3.46,1,66),('G I Allott',10,0,37,4,3.7,1,70),('G J Whittall',3,0,19,0,6.33,1,20),('G J Whittall',3,0,19,0,6.33,2,50),('G J Whittall',6,0,20,0,3.33,1,63),('G J Whittall',4,0,26,1,6.5,2,68),('G J Whittall',7,0,42,0,6,2,81),('G J Whittall',10,0,52,0,5.2,2,82),('G J Whittall',10,0,51,1,5.1,1,83),('G J Whittall',3,0,16,2,4.36,2,87),('G J Whittall',2,0,17,0,8.5,2,90),('G M Hamilton',9,0,37,0,4.19,2,65),('G Onions',7,0,52,0,7.43,2,53),('G Onions',8,0,47,1,5.88,2,57),('G P Swann',10,1,36,3,3.6,2,5),('G P Swann',10,1,36,3,3.6,2,8),('G P Swann',8,0,27,1,3.38,1,21),('G P Swann',8,0,43,1,5.38,2,53),('G P Swann',5,0,31,0,6.2,2,57),('G P Thorpe',2,0,17,0,8.5,1,15),('G P Wickremasinghe',10,0,41,0,4.1,2,61),('G P Wickremasinghe',10,1,45,2,4.5,1,69),('G P Wickremasinghe',7,0,43,0,6.14,1,72),('G P Wickremasinghe',5,0,31,0,6.2,1,86),('G P Wickremasinghe',3,0,23,1,7.67,2,89),('G R Larsen',10,1,33,2,3.3,2,11),('G R Larsen',8,1,41,1,5.13,2,13),('G R Larsen',10,0,19,3,1.9,1,66),('G R Larsen',10,2,26,0,2.6,1,70),('G W Flower',3,0,16,0,5.33,1,20),('G W Flower',10,0,44,0,4.4,1,45),('G W Flower',3,0,27,0,9,2,47),('G W Flower',10,0,33,0,3.3,2,50),('G W Flower',10,0,33,1,3.3,2,68),('Gulbadin Naib',6,0,37,1,6.17,1,22),('H D P Dharmasena',9,0,53,1,5.89,1,18),('H D P Dharmasena',10,0,30,2,3,1,72),('H H Streak',10,3,29,1,2.9,1,20),('H H Streak',10,0,40,2,4,1,45),('H H Streak',6,0,24,0,4,2,47),('H H Streak',10,0,59,0,5.9,2,50),('H H Streak',9,1,50,0,5.56,1,63),('H H Streak',9,0,36,3,4,2,68),('H H Streak',8,4,8,4,1,2,81),('H H Streak',8,0,34,0,4.25,2,82),('H H Streak',8,1,34,2,4.25,1,83),('H H Streak',10,1,41,1,4.1,2,87),('H H Streak',5,1,37,0,7.4,2,90),('H K Bennett',4,0,16,0,3.84,1,6),('H K Olonga',4,0,21,1,5.25,2,47),('H K Olonga',4,0,22,3,5.5,2,68),('H M R Herath',10,0,46,2,4.6,1,2),('H M R Herath',10,0,52,0,5.2,1,27),('H M R Herath',5,0,21,1,4.2,1,28),('H M R Herath',9,0,36,1,4,2,29),('H M R Herath',7,0,44,0,6.29,2,30),('H M R Herath',9,0,45,2,5,1,31),('H M R Herath',7,0,31,2,4.43,1,79),('H Masakadza',3,0,13,0,4.33,1,32),('H Masakadza',2,0,12,0,6,2,100),('H Patel',6,0,28,1,4.67,2,24),('Harbhajan Singh',10,0,41,1,4.1,2,1),('Harbhajan Singh',9,0,53,3,5.89,2,4),('Harbhajan Singh',9,1,35,1,3.89,2,7),('Harbhajan Singh',10,0,50,0,5,1,9),('Harbhajan Singh',10,0,50,1,5,1,10),('Harbhajan Singh',8,0,49,2,6.13,1,41),('Harbhajan Singh',10,1,32,0,3.2,2,42),('Harbhajan Singh',10,2,28,2,2.8,1,46),('Harbhajan Singh',10,0,71,1,7.1,1,51),('Harbhajan Singh',8,2,14,2,1.75,1,56),('Harbhajan Singh',10,0,57,1,5.7,1,60),('Harbhajan Singh',7,0,32,1,4.57,1,77),('Harbhajan Singh',8,0,47,2,5.88,1,78),('Harbhajan Singh',9,0,30,0,3.33,2,80),('Hasibul Hussain',10,2,33,1,3.3,2,66),('I D Austin',9,1,25,2,2.78,1,61),('I D Austin',9,0,41,1,4.24,1,67),('I G Butler',8,1,34,1,4.25,1,54),('I G Butler',10,0,44,4,4.4,1,58),('I G Butler',9,0,50,0,5.56,2,59),('I J Harvey',2,0,11,0,5.08,2,43),('I J Harvey',7,0,23,0,3.29,1,44),('I J Harvey',6,3,11,1,1.83,2,48),('I J Harvey',9,0,55,1,6.1,2,85),('I J Harvey',9,0,28,4,3.11,1,90),('I K Pathan',10,1,37,2,3.7,2,27),('I K Pathan',4,0,27,0,6.75,2,28),('I K Pathan',10,0,59,1,5.9,1,29),('I K Pathan',6,0,27,0,4.5,1,30),('I K Pathan',10,0,69,1,6.9,1,38),('I R Bishop',5,0,28,0,5.6,2,14),('I R Bishop',9,0,52,0,5.78,1,19),('I R Bishop',5,0,31,0,6.2,2,74),('I R Bishop',10,1,35,2,3.5,1,75),('I Sharma',8,2,39,2,4.88,1,51),('I Sharma',10,1,50,3,5,1,60),('I Sharma',7,0,38,0,5.43,1,91),('I Udana',6,0,42,0,7,1,28),('I Udana',6,0,42,0,7,2,29),('Ijaz Ahmed',4,0,21,0,5.25,2,71),('Imran Tahir',10,1,41,4,4.1,1,3),('Imran Tahir',10,0,56,2,5.6,1,93),('Imran Tahir',7,1,30,0,4.29,1,95),('J A Morkel',3,0,30,0,10,1,36),('J A Morkel',6,0,45,0,7.5,1,53),('J A R Blain',8,0,35,1,4.38,2,65),('J Botha',9,0,48,2,5.33,1,3),('J Botha',9,0,39,0,4.33,1,4),('J Botha',7,0,28,1,4,1,39),('J Botha',9,0,56,2,6.22,1,53),('J C Adams',3,0,15,0,5,1,19),('J C Adams',8,0,57,0,7.13,1,64),('J C Adams',10,0,53,3,5.3,2,74),('J C Adams',9,0,42,0,4.67,1,75),('J C Adams',2,0,5,0,2.5,1,81),('J C Adams',3,0,19,0,6.3,1,85),('J C Adams',3,0,13,0,4.33,1,87),('J C Adams',3,0,19,0,6.33,2,88),('J C Tredwell',10,2,48,4,4.8,2,5),('J C Tredwell',10,2,48,4,4.8,2,8),('J C Tredwell',4,0,38,0,9.5,1,98),('J C Tredwell',8,0,53,3,6.36,1,99),('J D P Oram',10,1,57,1,5.7,1,6),('J D P Oram',10,0,68,0,6.8,1,23),('J D P Oram',10,1,42,3,4.2,1,25),('J D P Oram',5,0,20,0,4,2,46),('J D P Oram',7,0,48,2,6.86,1,48),('J D P Oram',10,4,28,1,2.8,1,50),('J D P Oram',4,0,17,0,4.25,1,82),('J D P Oram',5,0,21,0,4.2,2,83),('J D Ryder',3,0,18,0,4.7,1,6),('J D S Neesham',10,0,53,4,5.3,1,97),('J D Unadkat',10,1,39,1,3.9,1,100),('J E Brinkley',8,0,43,0,5.38,2,65),('J E C Franklin',3,0,11,0,3.67,1,6),('J E C Franklin',9,0,40,2,4.44,2,52),('J E C Franklin',6,0,31,0,5.17,1,54),('J E C Franklin',8,0,33,0,4.13,1,58),('J E C Franklin',9,0,42,0,4.67,2,59),('J E C Franklin',10,0,46,2,4.6,1,82),('J E C Franklin',9,1,52,1,5.78,2,83),('J E Root',6,0,58,1,9.67,1,98),('J E Root',1,0,9,0,9,1,99),('J F Mooney',2,0,8,0,4,2,22),('J H Davey',6,1,37,1,6.17,1,24),('J H Kallis',3,0,21,0,7,1,3),('J H Kallis',8,0,43,1,5.38,1,4),('J H Kallis',6,0,32,1,5.33,1,36),('J H Kallis',3,0,14,1,4.67,1,53),('J H Kallis',10,1,43,0,4.3,1,62),('J H Kallis',8,0,26,3,3.25,2,69),('J H Kallis',8,0,40,1,5,1,84),('J H Kallis',8,0,31,2,3.88,2,86),('J H Kallis',8,0,33,2,4.13,1,89),('J H Kallis',3,0,20,1,6.67,2,92),('J H Kallis',8,0,53,2,6.63,1,95),('J J Krejza',9,0,45,0,5,2,9),('J K Kamande',9,0,38,0,4.22,2,63),('J M Anderson',10,0,42,3,4.2,2,53),('J M Anderson',10,0,53,1,5.3,2,54),('J M Anderson',9,0,48,0,5.43,2,57),('J M Kemp',5,0,15,0,3,1,89),('J O A Gordon',10,1,35,1,3.5,2,24),('J O Holder',6,0,47,0,7.83,2,94),('J P Faulkner',9,0,38,3,4.22,2,98),('J P Faulkner',10,1,43,1,4.3,2,99),('J R Hopes',10,0,50,1,5,1,55),('J R Hopes',4,0,28,0,7,1,57),('J R Hopes',2,0,10,0,5,2,60),('J S Patel',6,0,44,0,6.95,2,59),('J Srinath',10,0,38,0,3.8,1,12),('J Srinath',10,0,22,2,2.2,1,14),('J Srinath',10,1,51,0,5.1,1,16),('J Srinath',9,0,51,0,5.28,2,18),('J Srinath',10,1,36,2,3.6,2,20),('J Srinath',10,0,87,0,8.7,1,41),('J Srinath',7,1,11,1,1.57,2,42),('J Srinath',8,0,20,1,2.5,1,46),('J Srinath',9,1,35,4,3.89,2,49),('J Srinath',10,0,69,2,6.9,2,62),('J Srinath',10,1,35,2,3.5,1,68),('J Srinath',9,0,61,1,6.78,2,73),('J W Dernbach',10,1,59,0,5.9,1,21),('J-P Duminy',3,0,29,0,9.67,1,4),('J-P Duminy',4,0,37,0,7.93,2,31),('J-P Duminy',1,0,2,0,2,1,36),('J-P Duminy',1,0,11,0,11,1,39),('J-P Duminy',3,0,17,0,5.67,1,53),('J-P Duminy',5,0,20,0,4,2,91),('J-P Duminy',5,0,23,0,4.6,1,95),('Javed Ahmadi',1,0,5,0,5,1,22),('Junaid Khan',8,0,38,1,4.75,2,95),('Junaid Siddiqui',9,2,26,0,2.89,2,24),('K A J Roach',8,0,42,1,5.25,2,3),('K A J Roach',9,2,34,2,3.52,1,5),('K A J Roach',9,2,34,2,3.52,1,8),('K A J Roach',9,0,74,2,7.79,2,40),('K A J Roach',6,1,27,1,4.5,2,56),('K A Pollard',7,0,37,1,4.72,2,3),('K A Pollard',8,0,37,0,4.63,1,5),('K A Pollard',10,0,49,1,4.9,1,7),('K A Pollard',8,0,37,0,4.63,1,8),('K A Pollard',2,0,16,1,8,2,40),('K D Mills',10,0,55,1,5.5,1,23),('K D Mills',10,1,40,3,4,1,26),('K D Mills',8,2,26,3,3.25,2,32),('K D Mills',6,1,41,1,6.47,2,36),('K D Mills',8,1,41,1,5.13,2,39),('K D Mills',10,0,69,3,6.9,2,52),('K D Mills',10,2,19,1,1.9,1,54),('K D Mills',10,0,46,1,4.6,1,58),('K D Mills',10,2,27,3,2.7,2,59),('K D Mills',8,1,55,0,6.88,2,96),('K D Mills',10,1,47,1,4.7,1,97),('K E A Upashantha',8,0,38,0,4.75,2,61),('K L T Arthurton',9,0,53,0,5.89,1,19),('K L T Arthurton',1,0,10,0,10,1,64),('K L T Arthurton',6,0,29,1,4.83,2,74),('K M D Kulasekara',10,1,64,0,6.4,1,2),('K M D Kulasekara',7,0,19,1,2.71,2,6),('K M D Kulasekara',8,0,64,0,7.68,2,10),('K M D Kulasekara',5,0,20,1,4,1,27),('K M D Kulasekara',8,0,40,1,5,1,31),('K M D Kulasekara',8,0,38,0,4.75,2,33),('K M D Kulasekara',7,0,52,1,7.43,1,52),('K M D Kulasekara',9,1,25,0,2.78,2,76),('K M D Kulasekara',9,0,44,1,4.89,1,80),('K M Jarvis',9,1,41,2,4.56,1,32),('K M Jarvis',8,0,40,1,5,2,100),('K O Meth',7,0,48,1,6.86,1,32),('K R Pushpakumara',8,0,53,1,6.63,1,18),('K S Williamson',1,0,4,0,4,1,6),('K S Williamson',1,0,8,0,8,1,23),('K S Williamson',5,0,36,1,7.2,1,26),('K S Williamson',1,0,4,0,4,2,39),('K T G Prasad',10,0,47,1,4.7,2,33),('K Weeraratne',6,0,30,1,5,2,84),('K Weeraratne',2,0,24,0,12,1,86),('Karim Sadiq',5,0,19,0,3.8,1,22),('Karim Sadiq',2,0,10,0,5,2,34),('Khaled Mahmud',7,2,12,0,1.71,2,66),('L J Wright',4,0,18,0,4.5,2,5),('L J Wright',4,0,18,0,4.5,2,8),('L J Wright',5,0,31,0,6.2,2,53),('L J Wright',3,0,18,0,6,2,57),('L Klusener',10,0,66,3,6.6,1,62),('L Klusener',5,1,21,3,3.94,2,69),('L Klusener',5,0,32,0,6.4,1,84),('L Klusener',0,0,0,0,0,2,86),('L L Tsotsobe',10,0,51,3,5.1,2,31),('L L Tsotsobe',10,0,43,3,4.3,1,36),('L L Tsotsobe',9,2,36,1,4,1,39),('L L Tsotsobe',7,0,25,4,3.49,2,91),('L L Tsotsobe',9,0,52,0,5.78,2,92),('L L Tsotsobe',10,2,38,2,3.8,1,93),('L M P Simmons',3,0,17,0,5.67,2,94),('L O Tikolo',3,0,21,0,7,2,12),('L R Williams',10,1,24,3,2.4,1,81),('L R Williams',8,0,39,2,4.9,1,85),('L R Williams',8,1,38,1,4.75,1,87),('L R Williams',5,0,22,0,4.4,2,88),('M A Ealham',10,0,31,2,3.1,1,61),('M A Ealham',10,0,49,2,4.9,1,67),('M A Starc',8,0,49,0,6.13,2,35),('M A Suji',5,0,20,0,4,2,12),('M A Suji',10,1,62,0,6.2,1,42),('M A Suji',3,0,36,0,12,2,44),('M A Suji',8,2,19,3,2.38,1,47),('M A Suji',7,0,47,0,6.71,2,63),('M A Suji',9,0,46,0,5.11,2,67),('M D Bates',6,0,28,1,4.67,2,39),('M de Lange',9,1,46,4,5.11,1,39),('M E Waugh',10,0,44,1,4.4,2,16),('M E Waugh',10,1,38,3,3.8,2,19),('M E Waugh',4,0,16,0,4,2,75),('M F Maharoof',8,0,53,0,6.63,2,76),('M F Maharoof',10,1,42,5,4.2,1,79),('M F Maharoof',6,0,41,0,6.83,1,80),('M G Bevan',5,0,28,0,5.6,2,16),('M G Bevan',2,0,17,0,8.5,2,19),('M G Bevan',3,0,15,0,5,2,70),('M G Bevan',4,1,12,0,3,2,75),('M G Johnson',8,0,41,0,5.13,2,9),('M G Johnson',7,0,43,0,6.14,2,21),('M G Johnson',10,0,45,2,4.5,1,55),('M G Johnson',10,1,61,1,6.1,1,57),('M G Johnson',10,1,35,1,3.5,1,59),('M G Johnson',10,0,59,2,5.9,2,60),('M G Johnson',10,1,21,2,2.1,2,98),('M G Johnson',9,0,64,0,6.74,2,99),('M I Black',10,0,55,0,5.5,2,88),('M J Clarke',3,0,19,0,6.33,2,9),('M J Clarke',2,0,13,1,6.5,2,21),('M J McClenaghan',9,0,65,2,6.96,2,96),('M K Tiwary',10,1,61,4,6.1,1,30),('M L Nkala',6,1,12,3,2.06,2,81),('M L Nkala',7,0,50,2,7.14,2,87),('M L Nkala',7,0,30,0,4.29,2,90),('M M Patel',10,0,48,4,4.8,2,1),('M M Patel',10,0,65,2,6.5,2,4),('M M Patel',5,0,20,0,4,2,7),('M M Patel',7,0,44,0,6.29,1,9),('M M Patel',9,0,41,0,4.56,1,10),('M M Prabhakar',5,1,19,0,3.8,1,12),('M M Prabhakar',10,0,39,3,3.9,1,14),('M M Prabhakar',10,0,55,0,5.5,1,16),('M M Prabhakar',4,0,47,0,11.75,2,18),('M M Sharma',10,0,82,0,8.2,1,92),('M M Sharma',7,0,47,0,6.71,1,94),('M Mbangwa',8,0,37,0,4.63,1,63),('M Morkel',8,0,35,0,4.38,1,3),('M Morkel',7,0,59,1,8.43,1,4),('M Morkel',8,0,43,0,5.38,2,31),('M Morkel',9,1,38,5,4,1,36),('M Morkel',6,0,34,2,5.67,2,91),('M Morkel',8,1,29,1,3.63,2,92),('M Morkel',10,0,39,3,3.9,1,95),('M Muralitharan',10,0,35,1,3.5,1,2),('M Muralitharan',8,0,25,4,3.13,2,6),('M Muralitharan',8,0,39,0,4.88,2,10),('M Muralitharan',10,1,42,0,4.2,1,18),('M Muralitharan',10,0,29,0,2.9,1,43),('M Muralitharan',7,0,22,1,3.14,2,45),('M Muralitharan',10,0,46,3,4.6,1,49),('M Muralitharan',10,0,33,1,3.3,2,61),('M Muralitharan',10,1,25,3,2.5,1,69),('M Muralitharan',10,1,37,2,3.7,1,72),('M Muralitharan',10,0,71,1,7.1,2,76),('M Muralitharan',10,0,34,0,3.4,1,80),('M Muralitharan',10,0,39,0,3.9,2,84),('M Muralitharan',10,0,53,1,5.3,1,86),('M Muralitharan',10,1,31,1,3.1,2,89),('M N Samuels',8,0,46,2,5.75,2,23),('M N Samuels',10,0,50,1,5,2,25),('M N Samuels',10,0,49,1,4.9,2,26),('M N Samuels',3,0,17,0,5.67,2,40),('M N Samuels',8,0,28,2,3.36,1,81),('M N Samuels',10,0,54,1,5.4,1,85),('M N Samuels',10,0,41,2,4.1,1,87),('M N Samuels',5,0,38,0,7.6,2,88),('M Ntini',8,0,40,0,5,1,84),('M Ntini',8,0,37,5,4.44,2,86),('M Ntini',10,1,38,1,3.8,1,89),('M O Odumbe',9,1,39,1,3.97,2,12),('M O Odumbe',7,1,39,2,5.57,2,63),('M O Odumbe',6,1,23,0,3.83,2,67),('M S Dhoni',2,0,14,1,7,1,56),('M Sheikh',3,0,14,0,4.67,2,67),('M V Dillon',10,1,29,3,2.9,1,64),('M V Nagamootoo',8,0,19,0,2.38,1,81),('M V Nagamootoo',10,0,50,0,5,1,85),('M V Nagamootoo',10,0,45,1,4.5,1,87),('M V Nagamootoo',8,0,43,0,5.38,2,88),('Manjural Islam',8,3,23,1,2.88,2,66),('Mashrafe Bin Mortaza',10,0,55,1,5.5,1,37),('Mashrafe Bin Mortaza',5,0,37,2,6.53,2,77),('Mashrafe Bin Mortaza',8,0,73,0,9.13,1,96),('Mashrafe Bin Mortaza',8,0,43,3,4.96,2,97),('Mirwais Ashraf',5,0,27,0,5.4,2,34),('Mohammad Amir',8,0,46,2,5.75,2,51),('Mohammad Amir',10,2,32,1,3.2,2,58),('Mohammad Amir',10,1,57,2,5.7,1,76),('Mohammad Amir',9,0,56,0,5.69,2,78),('Mohammad Asif',8,0,34,2,4.25,2,55),('Mohammad Asif',9,0,55,1,6.11,1,76),('Mohammad Hafeez',6,0,33,1,5.5,2,2),('Mohammad Hafeez',7,1,28,0,4,1,34),('Mohammad Hafeez',10,1,40,2,4,2,37),('Mohammad Hafeez',9,0,42,1,4.67,2,38),('Mohammad Hafeez',10,0,34,1,3.4,2,95),('Mohammad Mahmudullah',7,0,49,1,7,1,1),('Mohammad Mahmudullah',4,0,19,0,4.75,1,37),('Mohammad Mahmudullah',7,0,36,2,5.14,1,96),('Mohammad Mahmudullah',6,0,24,0,4,2,97),('Mohammad Nabi',10,1,28,1,2.8,1,22),('Mohammad Nabi',5,0,29,0,5.61,2,34),('Mohammad Rafique',3,0,22,1,7.33,2,66),('Mohammed Shami',8,0,48,3,6,1,91),('Mohammed Shami',10,1,68,3,6.8,1,92),('Mohammed Shami',10,1,49,1,4.9,1,94),('Mohammed Shami',10,1,45,1,4.5,1,100),('Mominul Haque',4,0,13,2,3.25,2,97),('Mushtaq Ahmed',10,0,54,0,5.4,2,17),('Mushtaq Ahmed',10,0,32,2,3.2,2,71),('Mushtaq Ahmed',10,0,56,2,5.6,1,73),('N A M McLean',9,1,28,1,3.11,1,81),('N A M McLean',10,1,54,0,5.4,1,85),('N A M McLean',10,1,48,3,4.8,1,87),('N A M McLean',9,0,38,0,3.93,2,88),('N Boje',5,0,31,0,6.2,1,62),('N Boje',10,0,39,2,3.9,1,84),('N Boje',7,0,38,0,5.43,2,86),('N Boje',9,0,33,2,3.54,1,89),('N C Johnson',10,0,42,4,4.2,1,63),('N C Johnson',7,0,51,1,7.29,2,68),('N D McKenzie',2,0,6,0,2.4,2,86),('N J Astle',2,0,6,0,3,2,11),('N J Astle',3,1,10,2,3.33,2,13),('N J Astle',1,0,8,0,8,1,48),('N J Astle',1,0,11,0,11,1,50),('N J Astle',5,0,16,1,3.2,1,70),('N J Astle',9,0,50,0,5.56,1,71),('N J Astle',8,0,35,1,4.38,1,82),('N J Astle',10,0,47,1,4.7,2,83),('N L McCullum',10,0,48,2,4.8,1,6),('N L McCullum',6,0,35,0,5.83,1,23),('N L McCullum',4,0,34,1,8.5,1,25),('N L McCullum',5,0,19,0,3.8,2,32),('N L McCullum',10,0,35,0,3.5,2,39),('N L McCullum',8,0,44,1,5.5,2,96),('N L McCullum',8,0,42,1,5.25,1,97),('N L T Perera',9,0,62,2,6.89,1,2),('N L T Perera',9,0,55,1,6.11,2,10),('N L T Perera',10,0,70,3,7,1,27),('N L T Perera',8,3,19,3,2.38,1,28),('N L T Perera',9,0,57,1,6.33,2,29),('N L T Perera',6,0,51,0,8.5,2,30),('N L T Perera',4,0,34,2,8.5,1,31),('N L T Perera',5,0,37,1,7.4,2,33),('N M Coulter-Nile',10,0,34,1,3.4,2,99),('N M Hauritz',7,1,24,0,3.43,1,55),('N M Hauritz',6,0,32,0,5.33,1,57),('N M Hauritz',10,0,37,3,3.7,1,59),('N M Hauritz',9,1,34,1,3.78,2,60),('N M K Smith',8,0,40,1,5,1,15),('N O Miller',3,0,20,0,6.32,2,56),('N R Dyer',10,1,43,2,4.3,2,65),('N W Bracken',9,3,30,1,3.3,2,85),('N W Bracken',8,0,46,1,5.75,1,88),('N W Bracken',6,0,23,0,3.83,1,90),('Naeem Islam',7,0,54,0,7.71,1,1),('Naimuir Rahman',2,0,5,1,2.5,2,66),('Nasir Hossain',10,1,33,0,3.3,1,96),('Naved-ul-Hasan',9,0,48,2,5.33,2,51),('Naved-ul-Hasan',9,2,39,1,4.33,2,55),('Naved-ul-Hasan',8,0,57,0,7.13,2,58),('O A Shah',1,0,11,0,11,2,57),('O D Gibson',8,0,50,0,5.77,2,14),('O D Gibson',2,0,13,0,6.5,1,75),('P A de Silva',10,0,36,2,3.6,1,43),('P A de Silva',9,1,36,1,4,2,45),('P A de Silva',6,0,32,1,5.33,1,49),('P A de Silva',1,0,7,0,7,2,61),('P A de Silva',6,0,42,0,7,1,72),('P A de Silva',6,0,32,1,5.33,2,89),('P A J De Freitas',10,0,55,1,5.5,1,15),('P A J De Freitas',3,0,38,0,10.36,2,72),('P A Strang',10,0,55,1,5.5,1,20),('P A Strang',8,0,22,2,2.75,1,63),('P A Strang',8,0,49,0,6.13,2,68),('P D Collingwood',10,0,58,1,5.8,2,53),('P D Collingwood',3,0,16,0,5.33,2,54),('P D Collingwood',8,0,50,0,6.25,2,57),('P J Martin',6,0,37,1,6.17,1,11),('P J Martin',10,0,33,3,3.3,1,15),('P J Martin',9,1,41,0,4.56,2,72),('P J Ongondo',10,1,38,1,3.8,1,42),('P J Ongondo',10,0,44,2,4.4,2,44),('P J Ongondo',5,2,16,0,3.2,1,47),('P J Wiseman',2,0,21,0,10.5,2,83),('P Kumar',10,0,54,0,5.4,1,33),('P Kumar',10,0,77,2,7.7,1,38),('P Kumar',9,3,22,3,2.44,1,56),('P Kumar',10,0,77,0,7.7,1,60),('P Kumar',7,0,38,1,5.43,1,77),('P Kumar',10,1,53,3,5.3,1,78),('P Kumar',8,2,30,1,3.75,2,79),('P Kumar',9,1,29,1,3.22,2,80),('P L Mommsen',6,0,17,0,2.83,1,24),('P L Symcox',10,1,25,0,2.5,1,13),('P L Symcox',10,0,38,2,3.8,2,15),('P L Symcox',10,0,64,2,6.4,1,74),('P M Siddle',5,0,24,0,4.8,1,55),('P M Siddle',10,0,55,3,5.5,1,57),('P M Siddle',10,1,30,1,3,1,59),('P M Siddle',9,0,55,1,6.11,2,60),('P P Ojha',6,0,44,1,7.33,2,27),('P P Ojha',0,0,7,0,8.4,2,28),('P P Ojha',10,0,49,0,4.9,2,79),('P R Adams',10,0,42,1,4.2,1,17),('P R Adams',8,0,45,2,5.63,1,74),('P R Reiffel',10,2,45,1,4.5,2,19),('P R Reiffel',5,0,13,0,2.6,2,75),('P R Stirling',3,0,6,2,1.89,2,22),('P S De Villiers',7,1,27,2,3.86,2,15),('P Utseya',10,0,34,2,3.4,2,100),('P V Simmons',10,0,40,1,4,1,64),('P W Gunaratne',8,0,60,0,7.5,1,43),('P W Gunaratne',7,0,33,2,4.71,2,45),('R A Harper',9,1,34,2,3.78,2,14),('R A Harper',10,0,46,1,4.6,1,19),('R A Harper',10,0,47,4,4.7,2,74),('R A Harper',9,0,47,1,5.22,1,75),('R A Jadeja',10,0,41,1,4.1,1,33),('R A Jadeja',10,0,50,0,5,1,35),('R A Jadeja',9,0,39,1,4.33,1,60),('R A Jadeja',8,0,27,1,3.38,1,77),('R A Jadeja',10,0,43,1,4.3,1,78),('R A Jadeja',6,0,29,0,4.46,2,79),('R A Jadeja',6,0,29,2,4.35,2,80),('R A Jadeja',10,0,49,1,4.9,1,91),('R A Jadeja',8,0,58,0,7.25,1,92),('R A Jadeja',10,0,49,1,4.9,1,94),('R A Jadeja',10,3,33,0,3.3,1,100),('R A P Nissanka',6,0,49,0,8.17,1,49),('R Ashwin',10,0,41,2,4.1,2,7),('R Ashwin',10,0,52,2,5.2,1,9),('R Ashwin',10,1,46,2,4.6,2,27),('R Ashwin',5,1,18,1,3.6,2,28),('R Ashwin',10,0,50,0,5,1,29),('R Ashwin',10,1,46,2,4.6,1,30),('R Ashwin',10,1,32,3,3.2,1,33),('R Ashwin',8,0,47,0,5.88,1,35),('R Ashwin',10,0,56,1,5.6,1,38),('R Ashwin',9,0,48,1,5.33,1,91),('R Ashwin',10,0,58,0,5.8,1,92),('R Ashwin',10,0,45,2,4.5,1,94),('R D B Croft',10,1,32,1,3.2,1,67),('R D Berrington',5,0,16,0,3.2,1,24),('R E van der Merwe',9,0,67,0,7.44,1,53),('R G Sharma',1,0,4,0,4,1,29),('R G Sharma',2,0,6,0,3,1,30),('R G Sharma',2,0,15,0,7.5,1,35),('R G Sharma',3,0,19,0,6.33,1,38),('R G Sharma',1,0,5,1,5,1,77),('R G Sharma',1,0,9,0,9,2,79),('R G Twose',8,0,40,0,5,1,71),('R J Harris',10,0,57,1,5.7,2,35),('R J Kennedy',5,0,32,1,6.4,1,71),('R J Nicol',2,0,14,0,7,1,23),('R J Nicol',6,1,25,1,4.17,1,25),('R J Nicol',5,0,27,0,5.4,1,26),('R J Nicol',4,0,19,4,4.56,2,32),('R J Nicol',1,0,4,0,4,2,36),('R J Nicol',3,0,14,2,4.2,2,39),('R J Peterson',10,0,49,0,4.9,1,3),('R J Peterson',9,0,52,2,5.78,1,4),('R J Peterson',6,0,47,1,7.83,2,31),('R J Peterson',8,0,43,0,5.38,1,36),('R J Peterson',10,1,36,2,3.6,1,39),('R J Sidebottom',6,0,32,1,5.33,2,54),('R K Illingworth',10,1,31,1,3.1,1,11),('R K Illingworth',10,1,72,1,7.2,2,72),('R L Powell',1,0,16,0,16,1,64),('R L Powell',3,1,15,1,5,2,88),('R M Haq',10,1,19,2,1.9,1,24),('R McLaren',4,0,25,0,6.25,2,91),('R McLaren',8,0,49,3,6.13,2,92),('R McLaren',8,1,28,2,3.5,1,93),('R P Arnold',2,0,8,0,4,1,43),('R P Arnold',5,0,30,0,6,1,49),('R P Arnold',1,0,11,0,11,2,84),('R P Arnold',6,0,33,0,5.5,1,86),('R P Arnold',2,0,18,0,9,2,89),('R P Singh',9,1,59,1,6.56,1,51),('R R Singh',2,0,10,0,5,2,62),('R R Singh',2,0,11,0,5.5,1,68),('R Rampaul',10,0,51,5,5.1,1,7),('R Rampaul',9,0,50,3,5.56,2,23),('R Rampaul',10,1,55,2,5.5,2,94),('R S Bopara',8,2,22,2,2.54,2,5),('R S Bopara',8,2,22,2,2.54,2,8),('R S Bopara',5,0,16,1,3.2,1,21),('R S Bopara',10,0,54,0,5.4,1,98),('R S Bopara',10,0,45,1,4.5,1,99),('R Sharma',8,0,45,1,5.63,1,29),('R T Ponting',5,0,28,1,5.6,1,88),('R Telemachus',8,0,44,2,5.5,2,86),('R Vinay Kumar',10,1,56,1,5.6,1,33),('R Vinay Kumar',10,1,58,2,5.8,1,35),('R Vinay Kumar',9,1,57,1,6.33,1,100),('R W Ali',5,0,25,0,5,2,12),('R W Price',10,1,47,0,4.7,1,32),('Rubel Hossain',10,0,60,0,6,1,1),('Rubel Hossain',6,0,38,1,6.33,1,96),('Rubel Hossain',9,1,47,0,5.22,2,97),('S A Ankola',5,0,28,0,5.6,2,18),('S A Thomson',10,0,51,1,5.1,2,11),('S A Thomson',8,0,34,0,4,2,13),('S A Thomson',6,0,35,0,5.83,1,71),('S B Styris',8,0,44,1,5.5,1,6),('S B Styris',6,0,29,0,4.35,2,46),('S B Styris',3,0,18,0,6,1,48),('S B Styris',10,0,45,1,4.5,1,82),('S B Styris',9,1,36,3,4,2,83),('S C Ganguly',2,0,4,0,2,1,46),('S C Ganguly',4,0,16,1,4,2,62),('S C Ganguly',5,0,22,1,4.4,1,68),('S C J Broad',10,0,48,1,4.8,1,21),('S C J Broad',10,0,67,3,6.7,2,53),('S C J Broad',8,1,39,4,4.78,2,54),('S C Williams',3,0,18,0,6,2,100),('S E Bond',8,2,23,2,2.88,2,46),('S E Bond',10,2,23,6,2.3,1,48),('S E Bond',10,1,37,0,3.7,1,50),('S E Bond',9,0,82,0,9.11,2,52),('S E Bond',10,2,21,3,2.1,1,54),('S E Bond',10,1,54,1,5.4,1,58),('S E Bond',10,2,34,1,3.4,2,59),('S Elworthy',8,1,23,1,2.88,2,69),('S G Law',2,0,13,0,6.5,2,75),('S G Peall',6,0,35,0,5.83,1,20),('S H T Kandamby',1,0,2,0,2,1,52),('S H T Kandamby',3,0,14,0,4.67,1,79),('S H T Kandamby',7,0,37,2,5.29,1,80),('S J Benn',10,0,51,1,5.1,2,3),('S J Benn',10,0,56,0,5.6,1,5),('S J Benn',4,0,32,0,8,1,7),('S J Benn',10,0,56,0,5.6,1,8),('S K Raina',2,0,12,1,6,2,7),('S K Raina',2,0,15,0,6.43,1,38),('S K Raina',1,0,9,0,9,1,60),('S K Raina',6,0,32,0,5.33,1,91),('S K Raina',1,0,7,0,7,1,92),('S K Raina',5,0,29,0,5.8,1,94),('S K Raina',1,0,2,1,2,1,100),('S K Warne',10,1,28,1,2.8,2,16),('S K Warne',10,1,30,0,3,2,19),('S K Warne',10,0,39,3,3.9,1,65),('S K Warne',10,1,44,1,4.4,2,70),('S K Warne',9,0,36,4,4,2,75),('S K Warne',10,1,38,0,3.8,2,85),('S K Warne',10,0,41,3,4.1,1,88),('S K Warne',10,2,21,2,2.1,1,90),('S L Malinga',5,0,38,1,7.6,2,6),('S L Malinga',9,0,42,2,4.67,2,10),('S L Malinga',10,0,83,0,8.3,1,27),('S L Malinga',7,0,36,2,4.8,1,28),('S L Malinga',10,0,60,2,6,2,29),('S L Malinga',8,1,41,1,5.13,2,30),('S L Malinga',10,0,57,1,5.7,1,31),('S L Malinga',9,0,49,1,5.44,2,33),('S L Malinga',10,0,85,1,8.5,1,52),('S L Malinga',10,0,34,5,3.4,2,76),('S L Malinga',10,0,57,2,5.7,1,80),('S L V Raju',10,2,34,2,3.4,1,12),('S L Venkatapathy Raju',10,0,48,2,4.8,1,16),('S L Venkatapathy Raju',10,2,30,3,3,2,20),('S L Venkatapathy Raju',10,0,46,1,4.6,2,73),('S Lee',3,0,23,0,7.67,2,16),('S Lee',6,1,25,1,4.17,1,65),('S Lee',6,0,24,0,4,2,70),('S M Ervine',3,0,24,1,8,1,45),('S M Ervine',6,0,44,1,7.33,2,50),('S M Pollock',10,1,45,1,4.5,1,13),('S M Pollock',8,1,16,2,2,2,15),('S M Pollock',9,0,49,1,5.44,1,17),('S M Pollock',10,0,47,0,4.7,1,62),('S M Pollock',8,3,10,2,1.25,2,69),('S M Pollock',9,0,46,0,5.11,1,74),('S M Pollock',10,0,33,1,3.3,1,84),('S M Pollock',8,0,29,0,3.63,2,86),('S M Pollock',10,2,44,3,4.4,1,89),('S M S Senanayake',10,1,53,0,5.3,1,31),('S Matsikenyeri',2,0,13,0,6.5,1,45),('S O Tikolo',3,0,26,1,8.67,2,12),('S O Tikolo',10,0,60,1,6,1,42),('S O Tikolo',2,0,2,2,0.92,1,47),('S P Narine',10,0,45,2,4.5,2,23),('S P Narine',10,1,20,2,2,2,25),('S P Narine',10,1,27,5,2.7,2,26),('S P Narine',10,0,21,1,2.1,2,40),('S P Narine',10,1,32,1,3.2,2,94),('S R Tendulkar',2,0,9,0,4.5,1,9),('S R Tendulkar',2,0,12,0,6,1,10),('S R Tendulkar',5,0,26,0,5.2,1,12),('S R Tendulkar',10,0,41,0,4.1,2,18),('S R Tendulkar',6,0,23,0,3.83,2,20),('S R Tendulkar',1,0,12,0,7.2,1,38),('S R Tendulkar',3,0,20,0,6.67,1,41),('S R Tendulkar',6,0,28,2,4.67,2,42),('S R Tendulkar',5,0,20,0,4,1,46),('S R Tendulkar',4,0,22,0,5.5,2,62),('S R Tendulkar',5,0,25,0,5,2,73),('S R Watson',7,0,37,1,5.29,2,9),('S R Watson',6,0,34,1,5.67,2,21),('S R Watson',10,0,55,2,5.5,1,40),('S R Watson',8,0,32,2,4,1,55),('S R Watson',8,1,35,2,4.04,1,57),('S R Watson',10,0,50,0,5,1,59),('S R Watson',10,0,70,2,7,2,60),('S R Watson',9,0,52,1,5.78,2,98),('S R Watson',10,0,43,1,4.3,2,99),('S R Waugh',3,0,22,2,7.33,2,16),('S R Waugh',6,0,22,1,3.67,1,65),('S R Waugh',4,0,25,0,6.25,2,70),('S R Waugh',7,0,30,1,4.29,2,75),('S Randiv',9,0,43,0,4.78,2,10),('S Randiv',9,1,40,0,4.44,1,79),('S Sreesanth',5,0,53,0,10.6,2,1),('S Sreesanth',8,0,52,0,6.5,1,10),('S T Finn',9,0,36,1,4,1,21),('S T Finn',10,0,43,2,4.3,1,99),('S T Jayasuriya',10,0,52,0,5.2,1,18),('S T Jayasuriya',10,0,42,2,4.2,1,43),('S T Jayasuriya',6,0,30,3,5,2,45),('S T Jayasuriya',3,0,27,0,9,1,49),('S T Jayasuriya',10,0,39,3,3.9,1,52),('S T Jayasuriya',8,0,55,0,7.02,2,61),('S T Jayasuriya',3,1,9,0,3,1,69),('S T Jayasuriya',9,0,46,2,5.11,1,72),('S T Jayasuriya',5,0,31,0,6.2,2,84),('S T Jayasuriya',10,0,50,1,5,1,86),('S T Jayasuriya',9,1,34,0,3.78,2,89),('S W Masakadza',9,0,46,4,4.84,1,32),('S W Tait',7,0,52,1,7.43,2,9),('Saeed Ajmal',10,1,32,0,3.2,1,34),('Saeed Ajmal',10,0,45,2,4.5,2,37),('Saeed Ajmal',9,0,49,1,5.44,2,38),('Saeed Ajmal',9,0,31,2,3.51,2,51),('Saeed Ajmal',10,1,31,2,3.1,2,55),('Saeed Ajmal',8,0,39,2,4.88,2,58),('Saeed Ajmal',10,0,56,3,5.6,2,78),('Saeed Ajmal',10,1,34,2,3.4,2,93),('Saeed Ajmal',10,0,28,2,2.8,2,95),('Saleem Malik',1,0,5,0,5,2,17),('Saleem Malik',7,0,41,2,5.86,2,71),('Saleem Malik',5,0,25,0,5,1,73),('Samiullah Shenwari',4,0,22,1,5.5,2,34),('Saqlain Mushtaq',10,1,38,2,3.8,2,17),('Saqlain Mushtaq',9,0,22,1,2.44,2,64),('Shafiul Islam',7,0,69,1,9.86,1,1),('Shafiul Islam',8,0,49,0,6.13,1,37),('Shafiul Islam',6,0,26,0,4.33,2,77),('Shahadat Hossain',8,0,53,3,6.63,1,37),('Shahid Afridi',10,0,34,4,3.4,2,2),('Shahid Afridi',10,0,36,5,3.6,1,34),('Shahid Afridi',10,0,49,2,4.9,2,37),('Shahid Afridi',9,0,58,0,6.44,2,38),('Shahid Afridi',10,0,39,2,3.9,2,51),('Shahid Afridi',10,0,47,1,4.7,2,55),('Shahid Afridi',10,0,41,1,4.1,2,58),('Shahid Afridi',10,0,43,1,4.3,1,76),('Shahid Afridi',10,0,41,1,4.1,2,78),('Shahid Afridi',7,0,34,1,4.86,2,95),('Shakib Al Hasan',10,0,61,1,6.1,1,1),('Shakib Al Hasan',10,0,41,2,4.1,1,37),('Shakib Al Hasan',10,0,49,2,4.9,2,77),('Shapoor Zadran',8,2,20,3,2.5,1,22),('Shapoor Zadran',8,1,49,0,6.13,2,34),('Shoaib Akhtar',10,0,42,2,4.2,2,2),('Shoaib Akhtar',10,1,54,2,5.49,2,64),('Shoaib Akhtar',10,1,41,3,4.1,1,76),('Shoaib Akhtar',10,0,57,0,5.7,2,78),('Shoaib Malik',4,0,23,0,5.75,1,34),('Shoaib Malik',3,0,25,0,8.33,2,51),('Shoaib Malik',4,0,16,1,4,2,55),('Shoaib Malik',3,0,9,0,3,2,58),('Shoaib Malik',3,0,14,1,4.67,1,76),('Shoaib Malik',5,0,28,1,5.6,2,78),('Sohag Gazi',10,0,67,1,6.7,1,96),('Sohag Gazi',10,0,34,3,3.4,2,97),('Sohaib Maqsood',2,0,11,0,5.5,2,93),('Sohail Tanvir',7,0,42,1,5.48,2,93),('Suhrawadi Shuvo',4,0,21,0,5.25,2,77),('Syed Rasel',5,0,25,0,5,2,77),('T A Boult',10,2,47,1,4.7,1,25),('T A Boult',8,0,29,0,3.63,1,26),('T C Mutombodzi',7,0,65,0,8.3,2,100),('T G Southee',10,0,63,3,6.3,1,6),('T G Southee',10,1,55,3,5.5,1,23),('T G Southee',9,1,53,3,5.39,1,25),('T G Southee',10,1,37,3,3.7,1,26),('T G Southee',8,0,27,0,3.38,2,32),('T G Southee',8,0,61,0,7.63,2,36),('T G Southee',10,2,45,0,4.5,1,97),('T J Friend',2,0,13,0,6.5,1,45),('T J Friend',6,0,31,0,5.17,1,83),('T J Friend',10,1,37,2,3.7,2,87),('T J Friend',7,0,52,1,7.61,2,90),('T J Murtagh',8,1,39,0,4.88,2,22),('T L Best',10,1,46,4,4.6,2,25),('T L Best',10,0,58,2,5.8,2,26),('T L Chatara',9,0,30,0,3.33,2,100),('T M Dilshan',1,0,10,0,10,1,2),('T M Dilshan',6,0,24,1,4,2,6),('T M Dilshan',5,0,27,1,5.4,2,10),('T M Dilshan',5,0,28,0,5.6,1,27),('T M Dilshan',3,0,14,0,4.67,2,29),('T M Dilshan',1,0,10,0,7.5,2,30),('T M Dilshan',8,0,60,0,7.5,1,31),('T M Dilshan',5,0,27,0,5.4,2,33),('T M Dilshan',5,0,30,0,6,1,80),('T M Odoyo',3,0,22,0,7.33,2,12),('T M Odoyo',10,1,45,1,4.5,1,42),('T M Odoyo',10,0,43,1,4.3,1,47),('T M Odoyo',9,0,40,2,4.44,2,63),('T M Odoyo',10,0,65,1,6.5,2,67),('T S Nethula',10,1,66,1,6.6,1,23),('T S Nethula',10,0,60,2,6,2,36),('T T Bresnan',7,1,46,0,6.57,2,5),('T T Bresnan',7,1,46,0,6.57,2,8),('T T Bresnan',8,0,50,2,6.25,1,21),('T T Bresnan',8,0,51,0,6.38,2,57),('T Thushara',7,0,50,0,7.14,1,52),('U D U Chandana',7,0,26,0,3.71,1,69),('U T Yadav',10,0,76,2,7.6,2,27),('U T Yadav',4,0,38,0,9.5,2,28),('U T Yadav',10,1,49,2,4.9,1,35),('U T Yadav',6,0,45,0,7.5,1,91),('U W M Welegedara',7,0,42,0,5.6,1,79),('Umar Gul',9,0,60,1,6.67,2,2),('Umar Gul',8,1,30,2,3.75,1,34),('Umar Gul',9,0,58,3,6.33,2,37),('Umar Gul',8,0,65,2,7.36,2,38),('Umar Gul',6,0,55,0,9.17,2,51),('Umar Gul',9,1,38,1,4.22,2,55),('Umar Gul',9,0,48,1,5.43,2,58),('V D Philander',6,0,39,1,6.5,2,31),('V D Philander',6,1,20,1,3.33,2,91),('V D Philander',10,3,26,3,2.6,1,93),('V D Philander',10,0,37,1,3.7,1,95),('V Kohli',1,0,6,0,6,1,9),('V Kohli',1,0,6,0,6,1,10),('V Kohli',2,0,7,0,3.5,1,30),('V Kohli',3,0,21,0,7,1,51),('V Kohli',3,0,16,0,5.33,2,80),('V Kohli',3,0,17,0,5.67,1,91),('V Kohli',2,0,15,1,7.5,1,92),('V Permaul',4,0,31,0,7.44,2,94),('V Sehwag',4,0,20,0,5,2,27),('V Sehwag',1,0,3,0,3,1,29),('V Sehwag',8,1,38,1,4.75,1,30),('V Sehwag',3,0,14,0,4.67,1,41),('V Sehwag',3,1,16,0,5.33,2,42),('V Sehwag',2,1,3,1,1.5,1,46),('V Sehwag',2,0,6,4,2.12,1,77),('V Sehwag',3,0,19,0,6.33,1,78),('W B Rankin',9,1,26,1,2.84,1,98),('W B Rankin',10,1,31,2,3.1,1,99),('W D Parnell',9,0,52,0,5.78,2,31),('W D Parnell',4,0,18,0,4.5,1,39),('W D Parnell',10,2,60,3,6,1,53),('W D Parnell',5,0,37,0,7.4,2,92),('W D Parnell',8,0,30,1,3.4,1,93),('W J Cronje',3,0,13,0,4.33,1,13),('W J Cronje',4,0,17,0,4.25,2,15),('W J Cronje',5,0,20,2,4,1,17),('W J Cronje',5,0,24,0,4.8,1,62),('W J Cronje',3,0,17,0,5.67,1,74),('W P U Vaas',9,3,37,0,4.11,1,18),('W P U Vaas',10,1,34,3,3.4,1,43),('W P U Vaas',9,0,46,2,4.68,2,45),('W P U Vaas',10,2,34,2,3.4,1,49),('W P U Vaas',10,2,27,1,2.7,2,61),('W P U Vaas',10,0,46,3,4.6,1,69),('W P U Vaas',8,1,29,1,3.63,1,72),('W P U Vaas',10,1,37,1,3.76,2,84),('W P U Vaas',10,0,44,3,4.4,1,86),('W P U Vaas',8,2,30,1,3.75,2,89),('Wahab Riaz',9,1,37,2,3.89,1,34),('Wahab Riaz',4,0,50,0,12.5,2,38),('Waqar Younis',8,0,50,3,6.25,2,17),('Waqar Younis',9,2,32,2,3.56,2,71),('Waqar Younis',10,1,67,2,6.7,1,73),('Wasim Akram',9,0,49,0,5.25,2,17),('Wasim Akram',10,3,37,0,3.7,2,64),('X J Doherty',7,0,41,0,5.35,2,21),('X J Doherty',9,0,51,2,5.67,2,35),('X J Doherty',10,1,64,2,6.4,1,40),('Y K Pathan',8,0,49,1,6.13,2,1),('Y K Pathan',4,0,20,0,5,2,4),('Y K Pathan',7,0,28,0,4,2,7),('Y K Pathan',5,0,30,0,6,1,38),('Y K Pathan',10,0,56,1,5.6,1,51),('Yuvraj Singh',7,0,42,0,6,2,1),('Yuvraj Singh',8,0,47,0,5.88,2,4),('Yuvraj Singh',4,0,18,2,4.5,2,7),('Yuvraj Singh',10,0,44,2,4.4,1,9),('Yuvraj Singh',10,0,49,2,4.9,1,10),('Yuvraj Singh',2,0,12,0,6,1,41),('Yuvraj Singh',6,0,43,1,7.17,2,42),('Zaheer Khan',10,0,40,2,4,2,1),('Zaheer Khan',10,0,43,1,4.3,2,4),('Zaheer Khan',6,0,26,3,4.33,2,7),('Zaheer Khan',10,0,53,2,5.3,1,9),('Zaheer Khan',10,3,60,2,6,1,10),('Zaheer Khan',10,0,63,1,6.3,2,27),('Zaheer Khan',6,0,39,0,6.5,2,28),('Zaheer Khan',10,0,39,2,3.9,1,29),('Zaheer Khan',6,0,36,0,6,1,30),('Zaheer Khan',10,1,44,2,4.4,1,33),('Zaheer Khan',10,0,46,1,4.6,1,35),('Zaheer Khan',7,0,67,0,9.57,1,41),('Zaheer Khan',9,2,14,3,1.5,2,42),('Zaheer Khan',8,0,42,4,5.25,1,46),('Zaheer Khan',7,0,33,2,4.71,2,49),('Zaheer Khan',5,1,29,0,5.8,1,77),('Zaheer Khan',9,0,41,2,4.32,1,78),('Zaheer Khan',7,1,42,2,6,2,79),('Zaheer Khan',8,2,36,2,4.5,2,80);
/*!40000 ALTER TABLE `bowling` ENABLE KEYS */;
UNLOCK TABLES;

--
-- Table structure for table `matches`
--

DROP TABLE IF EXISTS `matches`;
/*!40101 SET @saved_cs_client     = @@character_set_client */;
/*!40101 SET character_set_client = utf8 */;
CREATE TABLE `matches` (
  `matchid` int(11) NOT NULL,
  `teamid1` varchar(45) NOT NULL,
  `teamid2` varchar(45) NOT NULL,
  `team1total` int(11) NOT NULL,
  `team2total` int(11) NOT NULL,
  `Winner` varchar(45) DEFAULT NULL,
  `Mom` varchar(45) NOT NULL,
  PRIMARY KEY (`matchid`)
) ENGINE=InnoDB DEFAULT CHARSET=utf8;
/*!40101 SET character_set_client = @saved_cs_client */;

--
-- Dumping data for table `matches`
--

LOCK TABLES `matches` WRITE;
/*!40000 ALTER TABLE `matches` DISABLE KEYS */;
INSERT INTO `matches` VALUES (1,'India','Bangladesh',370,283,'India','V Sehwag'),(2,'Pakistan','Sri Lanka',277,266,'Pakistan','Shahid Afridi'),(3,'West Indies','South Africa',222,233,'South Africa','A B de Villiers'),(4,'India','South Africa',296,300,'South Africa','D W Steyn'),(5,'England','West Indies',243,225,'England','J C Tredwell'),(6,'Sri Lanka','New Zealand',265,153,'Sri Lanka','K C Sangakkara'),(7,'India','West Indies',268,188,'India','Yuvraj Singh'),(8,'England','West Indies',243,225,'England','J C Tredwell'),(9,'Australia','India',260,261,'India','Yuvraj Singh'),(10,'Sri Lanka','India',274,277,'India','M S Dhoni'),(11,'New Zealand','England',239,228,'New Zealand','N J Astle'),(12,'Kenya','India',199,200,'India','S R Tendulkar'),(13,'New Zealand','South Africa',177,178,'South Africa','W J Cronje'),(14,'West Indies','India',173,174,'India','S R Tendulkar'),(15,'South Africa','England',230,152,'South Africa','S M Pollock'),(16,'Australia','India',258,242,'Australia','M E Waugh'),(17,'Pakistan','South Africa',242,243,'South Africa','D J Cullinan'),(18,'India','Sri Lanka',268,272,'Sri Lanka','S T Jayasuriya'),(19,'Australia','West Indies',229,232,'West Indies','R B Richardson'),(20,'India','Zimbabwe ',247,207,'India','V G Kambli'),(21,'Australia','England',251,252,'England','R S Bopara'),(22,'Ireland','Afghanistan',163,104,'Ireland','No Award'),(23,'West Indies','New Zealand',315,260,'West Indies','M N Samuels'),(24,'Canada','Scotland',176,177,'Scotland','No Award'),(25,'West Indies','New Zealand',264,240,'West Indies','S P Narine'),(26,'West Indies','New Zealand',241,221,'West Indies','S P Narine'),(27,'India','Sri Lanka',314,293,'India','V Kohli'),(28,'India','Sri Lanka',138,139,'Sri Lanka','N L T Perera'),(29,'Sri Lanka','India',286,288,'India','S K Raina'),(30,'Sri Lanka','India',251,255,'India','V Kohli'),(31,'South Africa','Sri Lanka',299,304,'Sri Lanka','N L T Perera'),(32,'New Zealand','Zimbabwe',248,158,'New Zealand','M J Guptill'),(33,'Sri Lanka','India',233,234,'India','R Ashwin'),(34,'Afghanistan','Pakistan',195,198,'Pakistan','Shahid Afridi'),(35,'Australia','India',269,270,'India','G Gambhir'),(36,'New Zealand','South Africa',230,231,'South Africa','M Morkel'),(37,'Pakistan','Bangladesh',262,241,'Pakistan','Mohammad Hafeez'),(38,'Pakistan','India',329,330,'India','V Kohli'),(39,'New Zealand','South Africa',206,208,'South Africa','M de Lange'),(40,'West Indies','Australia',294,252,'West Indies','K A Pollard'),(41,'Australia','India',359,234,'Australia','R T Ponting'),(42,'India','Kenya',270,179,'India','S C Ganguly'),(43,'Australia','Sri Lanka',212,123,'Sri Lanka','A Symonds'),(44,'Kenya','Australia',174,178,'Australia','A Y A Karim'),(45,'Sri Lanka','Zimbabwe',256,182,'Sri Lanka','M S Atapattu'),(46,'New Zealand','India',146,150,'India','Zaheer Khan'),(47,'Zimbabwe','Kenya',133,135,'Kenya','M A Suji'),(48,'Australia','New Zealand',208,112,'Australia','S E Bond'),(49,'India','Sri Lanka',292,109,'India','J Srinath'),(50,'Zimbabwe','New Zealand',252,253,'Zimbabwe','N J Astle'),(51,'Pakistan','India',302,248,'Pakistan','Shoaib Malik'),(52,'New Zealand','Sri Lanka',315,277,'New Zealand','D L Vettori'),(53,'England','South Africa',323,301,'England','O A Shah'),(54,'England','New Zealand',146,147,'New Zealand','G D Elliott'),(55,'Pakistan','Australia',205,206,'Australia','M E K Hussey'),(56,'West Indies','India',129,130,'India','V Kohli'),(57,'England','Australia',257,258,'Australia','S R Watson'),(58,'Pakistan','New Zealand',233,234,'New Zealand','D L Vettori'),(59,'New Zealand','Australia',200,206,'Australia','S R Watson'),(60,'Australia','India',292,288,'Australia','M E K Hussey'),(61,'England','Sri Lanka',207,204,'England','A J Stewart'),(62,'India','South Africa',253,254,'South Africa','J H Kallis'),(63,'Kenya','Zimbabwe',229,231,'Zimbabwe','N C Johnson'),(64,'Pakistan','West Indies',229,202,'Pakistan','Azhar Mahmood'),(65,'Scotland','Australia',181,182,'Australia','M E Waugh'),(66,'Bangladesh','New Zealand',116,117,'New Zealand','G R Larsen'),(67,'Kenya','England',203,204,'England','S O Tikolo'),(68,'Zimbabwe','India',252,249,'Zimbabwe','G W Flower'),(69,'South Africa','Sri Lanka',199,110,'South Africa','L Klusener '),(70,'Australia','New Zealand',213,214,'New Zealand','R G Twose'),(71,'Pakistan','New Zealand',281,231,'Pakistan','Waqar Younis'),(72,'England','Sri Lanka',235,236,'Sri Lanka','S T Jayasuriya'),(73,'India','Pakistan',287,238,'India','N S Sidhu'),(74,'West Indies','South Africa',264,245,'West Indies','R A Harper'),(75,'Australia','West Indies',207,202,'Australia','S G Law'),(76,'Sri Lanka','Pakistan',242,226,'Sri Lanka','Shahid Afridi'),(77,'Bangladesh','India',167,168,'India','G Gambhir'),(78,'Pakistan','India',268,271,'India','G Gambhir'),(79,'India','Sri Lanka',209,211,'Sri Lanka','M F Maharoof'),(80,'India','Sri Lanka',268,187,'India','K K D Karthik'),(81,'West Indies','Zimbabwe',91,138,'Zimbabwe','H H Streak'),(82,'New Zealand','Zimbabwe',237,236,'New Zealand','M S Sinclair'),(83,'New Zealand','Zimbabwe',273,274,'Zimbabwe','H H Streak'),(84,'South Africa','Sri Lanka',250,247,'South Africa','J H Kallis'),(85,'Australia','West Indies',267,193,'Australia','R T Ponting'),(86,'South Africa','Sri Lanka',290,191,'South Africa','M Ntini'),(87,'West Indies','Zimbabwe',241,240,'West Indies','R L Powell'),(88,'Australia','West Indies',236,234,'Australia','M E Waugh'),(89,'South Africa','Sri Lanka',207,206,'South Africa','H H Gibbs'),(90,'Australia','Zimbabwe',226,223,'Australia','D S Lehmann'),(91,'South Africa','India',280,146,'South Africa','Q de Kock'),(92,'South Africa','India',358,217,'South Africa','Q de Kock'),(93,'Pakistan','South Africa',179,181,'South Africa','V D Philander'),(94,'West Indies','India',263,266,'India','S Dhawan'),(95,'Pakistan','South Africa',218,195,'Pakistan','Anwar Ali'),(96,'New Zealand','Bangladesh',307,309,'Bangladesh','Shamsur Rahman'),(97,'Bangladesh','New Zealand',247,207,'Bangladesh','Sohag Gazi'),(98,'Australia','England',298,249,'Australia','S R Watson'),(99,'Australia','England',227,231,'England','J C Buttler'),(100,'Zimbabwe','Indian',228,230,'India','V Kohli');
/*!40000 ALTER TABLE `matches` ENABLE KEYS */;
UNLOCK TABLES;

--
-- Table structure for table `players`
--

DROP TABLE IF EXISTS `players`;
/*!40101 SET @saved_cs_client     = @@character_set_client */;
/*!40101 SET character_set_client = utf8 */;
CREATE TABLE `players` (
  `pname` varchar(45) NOT NULL,
  `prun` int(11) NOT NULL,
  `pwickets` int(11) NOT NULL,
  `team` varchar(45) NOT NULL,
  PRIMARY KEY (`pname`)
) ENGINE=InnoDB DEFAULT CHARSET=utf8;
/*!40101 SET character_set_client = @saved_cs_client */;

--
-- Dumping data for table `players`
--

LOCK TABLES `players` WRITE;
/*!40000 ALTER TABLE `players` DISABLE KEYS */;
INSERT INTO `players` VALUES ('A A Donald',3,6,'South Africa'),('A B Agarkar',1,2,'India'),('A B Barath',41,0,'West Indies'),('A B de Villiers',469,0,'South Africa'),('A B Dinda',2,4,'India'),('A C Dale',3,1,'Australia'),('A C Dawson',0,0,'Sri Lanka'),('A C Evans',0,1,'Scotland'),('A C Gilchrist',328,0,'Australia'),('A C Hudson',87,0,'South Africa'),('A C I Lock',2,2,'Zimbabwe '),('A C Parore',80,0,'New Zealand'),('A C Voges',41,2,'Australia'),('A C Waller',22,0,'Zimbabwe '),('A D Jadeja',203,3,'India'),('A D Mathews',262,14,'Sri Lanka'),('A D Mullally',0,4,'Sri Lanka'),('A D R Campbell',320,0,'Zimbabwe '),('A D Russell',220,14,'West Indies'),('A D S Fletcher',0,0,'West Indies'),('A F Milne',0,0,'New Zealand'),('A Flintoff',0,0,'Sri Lanka'),('A Flower',423,0,'Zimbabwe '),('A G Davies',8,0,'Scotland'),('A J Bichel',83,4,'Australia'),('A J Finch',26,0,'Australia'),('A J Hollioake',0,1,'Sri Lanka'),('A J Mackay',0,0,'New Zealand'),('A J McKay',2,0,'New Zealand'),('A J Redmond',57,0,'New Zealand'),('A J Stewart',169,0,'England'),('A J Strauss',101,0,'England'),('A Kumble',28,17,'India'),('A M Blignaut',9,3,'Zimbabwe'),('A M Ellis',82,5,'New Zealand'),('A M Nayar',0,0,'India'),('A M Rahane',8,0,'India'),('A Mishra',0,4,'India'),('A N Cook',18,0,'England'),('A N Petersen',37,0,'South Africa'),('A N Pradeep',0,1,'Sri Lanka'),('A Nehra',10,22,'India'),('A O Suji',8,0,'Kenya'),('A P Devcich',65,1,'New Zealand'),('A P Gurusinha',70,0,'Sri Lanka'),('A R Adams',0,2,'New Zealand'),('A R Cusack',0,3,'Ireland'),('A R Kapoor',0,1,'India'),('A R Whittall',0,1,'Zimbabwe'),('A Ranatunga',110,0,'Sri Lanka'),('A S Hansra',6,1,'Canada'),('A Symonds',162,8,'Australia'),('A T Rayudu',63,0,'Indian'),('A V Vadher',60,0,'Kenya'),('A Y A Karim',34,5,'Kenya'),('Aamir Sohail',216,2,'Pakistan'),('Aaqib Javed',6,3,'Pakistan'),('Abdul Razzaq',39,5,'Pakistan'),('Abdur Razzak',6,3,'Bangladesh'),('Abdur Rehman',22,2,'Pakistan'),('Ahmed Shehzad',48,0,'Pakistan'),('Aizaz Cheema',0,1,'Pakistan'),('Akram Khan',16,0,'Bangladesh'),('Aminul Islam',15,0,'Bangladesh'),('Amir Hamza',3,2,'Afghanistan'),('Anwar Ali',44,2,'Pakistan'),('Asad Shafiq',25,0,'Pakistan'),('Asghar Stanikzai',0,0,'Afghanistan'),('Asim Butt',0,1,'Scotland'),('Ata-Ur-Rehman',0,1,'Pakistan'),('Azhar Mahmood',37,3,'Pakistan'),('B A Murphy',8,5,'West Indies'),('B A Stokes',52,6,'England'),('B A W Mendis',3,2,'Sri Lanka'),('B B McCullum',322,0,'New Zealand'),('B C Lara',297,0,'West Indies'),('B C Strang',4,5,'Zimbabwe '),('B G K Walker',0,0,'Zimbabwe'),('B J Haddin',53,0,'Australia'),('B J Patel',0,0,'Kenya'),('B J Watling',72,0,'New Zealand'),('B K V Prasad',0,1,'India'),('B K Venkatesh Prasad',0,8,'India'),('B Kumar',0,1,'India'),('B Lee',106,23,'Australia'),('B M A Mendis',62,1,'Sri Lanka'),('B M McMillan',20,3,'South Africa'),('B M W Patterson',10,0,'Scotland'),('B R M Taylor',70,0,'Zimbabwe'),('B W Hilfenhaus',0,0,'Australia'),('Bilawal Bhatti',40,4,'Pakistan'),('C A Ingram',1,0,'South Africa'),('C A Walsh',9,6,'West Indies'),('C B Wishart',78,0,'Zimbabwe'),('C D McMillan',132,4,'New Zealand'),('C de Grandhomme',36,0,'New Zealand'),('C E Cuffy',1,7,'Zimbabwe'),('C E L Ambrose',11,6,'West Indies'),('C H Gayle',234,0,'West Indies'),('C J Anderson',38,5,'New Zealand'),('C J Ferguson',7,0,'Australia'),('C J Jordan',14,3,'England'),('C J McKay',12,9,'Australia'),('C K Kapugedera',58,0,'Sri Lanka'),('C Kieswetter',0,0,'England'),('C L Cairns',234,6,'New Zealand'),('C L White',130,0,'Australia'),('C M Spearman',33,0,'New Zealand'),('C Munro',85,0,'New Zealand'),('C N Evans',6,0,'Zimbabwe '),('C O Browne',64,0,'West Indies'),('C O Obuya',32,3,'Kenya'),('C R D Fernando',25,1,'Sri Lanka'),('C R Matthews',17,5,'South Africa'),('C S Baugh',0,0,'West Indies'),('C S Macleod',99,0,'Scotland'),('C T Tremlett',6,0,'England'),('C White',13,0,'England'),('C Z Harris',72,8,'New Zealand'),('D A Gunawardene',42,0,'Sri Lanka'),('D A J Bracewell',13,2,'New Zealand'),('D A Marillier',41,1,'Zimbabwe'),('D A Miller',33,0,'South Africa'),('D A Reeve',35,1,'England'),('D A Warner',29,0,'Australia'),('D Bishoo',6,7,'West Indies'),('D C Thomas',92,0,'West Indies'),('D D Ebrahim',13,0,'Zimbabwe'),('D Daesrath',24,1,'Canada'),('D E Bernard',22,0,'West Indies'),('D G Brownlie',19,0,'New Zealand'),('D G Cork',36,3,'England'),('D Gough',52,8,'England'),('D J Cullinan',263,0,'South Africa'),('D J G Sammy',234,4,'West Indies'),('D J Hussey',196,1,'Australia'),('D J J Bravo',118,6,'West Indies'),('D J Nash',5,3,'New Zealand'),('D K Morrison',5,2,'New Zealand'),('D L Vettori',122,6,'New Zealand'),('D M Bravo',181,0,'West Indies'),('D Mongia',21,1,'India'),('D N Chudasama',29,0,'Kenya'),('D N T Zoysa',3,2,'South Africa'),('D O Obuya',3,0,'Kenya'),('D P M Jayawardene',556,0,'Sri Lanka'),('D P Viljoen',50,1,'West Indies'),('D R Flynn',21,0,'New Zealand'),('D R Martyn',161,0,'Australia'),('D R Ramsammy',0,0,'Canada'),('D R Smith',33,0,'West Indies'),('D R Tuffey',11,3,'New Zealand'),('D S Lehmann',210,3,'Australia'),('D S Smith',158,0,'West Indies'),('D Soraine',6,2,'Canada'),('D T Christian',39,0,'Australia'),('D T Hondo',0,2,'Zimbabwe'),('D T Johnston',6,2,'Ireland'),('D W Fleming',8,11,'Australia'),('D W Steyn',32,19,'South Africa'),('Dawlat Zadran',24,4,'Afghanistan'),('E A Brandes',2,0,'Zimbabwe'),('E C Joyce',67,0,'Ireland'),('E Chigumbura',58,3,'Zimbabwe'),('E J G Morgan',225,0,'England'),('E O Odumbe',15,0,'Kenya'),('Enamul Haque',19,0,'Bangladesh'),('F du Plessis',83,1,'South Africa'),('F L Reifer',1,0,'West Indies'),('Fawad Ahmed',4,1,'Australia'),('G A Hick',241,3,'England'),('G B Hogg',8,4,'Australia'),('G C Smith',282,0,'South Africa'),('G C Tonge',5,1,'West Indies'),('G C Wilson',1,0,'Ireland'),('G D Drummond',0,1,'Scotland'),('G D Elliott',104,4,'New Zealand'),('G D McGrath',3,13,'Australia'),('G Gambhir',873,0,'India'),('G Goudie',17,2,'Scotland'),('G H Dockrell',9,2,'Ireland'),('G I Allott',0,7,'New Zealand'),('G J Bailey',181,0,'Australia'),('G J Hopkins',2,0,'New Zealand'),('G J Rennie',102,0,'West Indies'),('G J Whittall',76,4,'Zimbabwe '),('G Kirsten',137,0,'South Africa'),('G M Hamilton',34,0,'Scotland'),('G Onions',1,1,'England'),('G P Swann',53,8,'England'),('G P Thorpe',82,0,'England'),('G P Wickremasinghe',51,3,'England'),('G R Larsen',1,6,'New Zealand'),('G Salmond',31,0,'Scotland'),('G W Flower',192,1,'Zimbabwe '),('Gulbadin Naib',26,1,'Afghanistan'),('H D P Dharmasena',0,3,'Sri Lanka'),('H D R Thirimanne',74,0,'Sri Lanka'),('H D Rutherford',1,0,'New Zealand'),('H Davids',7,0,'South Africa'),('H H Dippenaar',170,0,'Sri Lanka'),('H H Gibbs',127,0,'South Africa'),('H H Streak',316,13,'Zimbabwe '),('H K Bennett',0,0,'New Zealand'),('H K Olonga',4,4,'Zimbabwe'),('H M Amla',452,0,'South Africa'),('H M R Herath',21,8,'Sri Lanka'),('H Masakadza',18,0,'Zimbabwe'),('H P Tillakaratne',92,0,'Sri Lanka'),('H Patel',3,1,'Canada'),('H S Modi',62,0,'Kenya'),('Hammad Azam',4,0,'Pakistan'),('Harbhajan Singh',104,17,'India'),('Hasibul Hussain',16,1,'Bangladesh'),('I A Healy',40,0,'Australia'),('I D Austin',0,3,'Sri Lanka'),('I G Butler',6,5,'New Zealand'),('I J Harvey',37,6,'Australia'),('I J L Trott',111,0,'England'),('I K Pathan',47,4,'India'),('I L Philip',17,0,'Scotland'),('I R Bell',129,0,'England'),('I R Bishop',29,2,'West Indies'),('I Sharma',0,5,'India'),('I Udana',0,0,'Sri Lanka'),('Ijaz Ahmed',74,0,'Pakistan'),('Imran Farhat',77,0,'Pakistan'),('Imran Nazir',48,0,'Pakistan'),('Imran Tahir',0,6,'South Africa'),('Imrul Kayes',71,0,'Bangladesh'),('Inzamam-ul-Haq',74,0,'Pakistan'),('J A Morkel',58,0,'South Africa'),('J A R Blain',3,1,'Scotland'),('J Botha',28,5,'South Africa'),('J C Adams',170,3,'West Indies'),('J C Buttler',107,0,'England'),('J C Tredwell',24,11,'England'),('J Charles',64,0,'West Indies'),('J D P Oram',80,7,'New Zealand'),('J D Ryder',93,0,'New Zealand'),('J D S Neesham',8,4,'New Zealand'),('J D Unadkat',0,1,'Indian'),('J E Brinkley',23,0,'Scotland'),('J E C Franklin',126,5,'New Zealand'),('J E Root',21,1,'England'),('J F Mooney',0,0,'Ireland'),('J H Davey',23,1,'Scotland'),('J H Kallis',526,14,'South Africa'),('J H Stander',8,0,'Scotland'),('J J Krejza',0,0,'Australia'),('J K Kamande',0,0,'Kenya'),('J L Denly',62,0,'England'),('J L Ontong',17,0,'South Africa'),('J M Anderson',11,4,'England'),('J M Kemp',0,0,'Sri Lanka'),('J Mubarak',0,0,'Sri Lanka'),('J N Rhodes',254,0,'South Africa'),('J O A Gordon',1,1,'Canada'),('J O Holder',0,0,'West Indies'),('J P Faulkner',11,4,'Australia'),('J R Hopes',37,1,'Australia'),('J S Patel',16,0,'New Zealand'),('J Srinath',38,15,'India'),('J W Dernbach',0,0,'England'),('J-P Duminy',343,0,'South Africa'),('Jahurul Islam',23,0,'Bangladesh'),('Javed Ahmadi',4,0,'Afghanistan'),('Javed Miandad',43,0,'Pakistan'),('Junaid Khan',0,1,'Pakistan'),('Junaid Siddique',37,0,'Bangladesh'),('Junaid Siddiqui',11,0,'Canada'),('K A Edwards',17,0,'West Indies'),('K A J Roach',6,8,'West Indies'),('K A Pollard',222,3,'West Indies'),('K C Sangakkara',769,0,'Sri Lanka'),('K D Mills',76,18,'New Zealand'),('K E A Upashantha',11,0,'England'),('K J Coetzer',4,0,'Scotland'),('K J O\'Brien',31,0,'Ireland'),('K K D Karthik',148,0,'India'),('K L T Arthurton',7,1,'West Indies'),('K M D Kulasekara',156,5,'Sri Lanka'),('K M Jarvis',2,3,'Zimbabwe'),('K O A Powell',75,0,'West Indies'),('K O Meth',10,1,'Zimbabwe'),('K O Otieno',78,0,'Kenya'),('K P Pietersen',5,0,'England'),('K R Pushpakumara',0,1,'Sri Lanka'),('K S Williamson',205,1,'New Zealand'),('K T G Prasad',0,1,'Sri Lanka'),('K Weeraratne',13,1,'South Africa'),('Kamran Akmal',191,0,'Pakistan'),('Karim Sadiq',41,0,'Afghanistan'),('Khaled Mahmud',3,0,'Bangladesh'),('Khaled Mashud',4,0,'Bangladesh'),('L D Chandimal',170,0,'Sri Lanka'),('L J Wright',148,0,'England'),('L K Germon',85,0,'New Zealand'),('L Klusener',66,6,'South Africa'),('L L Tsotsobe',0,13,'South Africa'),('L M P Simmons',16,0,'West Indies'),('L O Tikolo',0,0,'Kenya'),('L P C Silva',60,0,'Sri Lanka'),('L R Taylor',372,0,'New Zealand'),('L R Williams',50,6,'Zimbabwe'),('L Ronchi',13,0,'New Zealand'),('L Vincent',7,0,'New Zealand'),('M A Atherton',23,0,'England'),('M A Carberry',93,0,'England'),('M A Ealham',0,4,'Sri Lanka'),('M A Starc',0,0,'Australia'),('M A Suji',16,3,'Kenya'),('M A Taylor',69,0,'Australia'),('M Azharuddin',174,0,'India'),('M D Bates',13,1,'New Zealand'),('M de Lange',0,4,'South Africa'),('M E K Hussey',177,0,'Australia'),('M E Waugh',388,4,'Australia'),('M F Maharoof',11,5,'Sri Lanka'),('M G Bevan',196,0,'Australia'),('M G Johnson',43,8,'Australia'),('M I Black',0,0,'Australia'),('M J Clarke',153,1,'Australia'),('M J D Allingham',3,0,'Scotland'),('M J Guptill',402,0,'New Zealand'),('M J Horne',40,0,'New Zealand'),('M J McClenaghan',0,2,'New Zealand'),('M J Prior',42,0,'England'),('M J Smith',13,0,'Scotland'),('M K Tiwary',21,4,'India'),('M L Hayden',78,0,'Australia'),('M L Nkala',25,5,'West Indies'),('M M Patel',1,6,'India'),('M M Prabhakar',11,3,'India'),('M M Sharma',0,0,'India'),('M Mbangwa',0,0,'Zimbabwe'),('M Morkel',17,12,'South Africa'),('M Muralitharan',44,18,'Sri Lanka'),('M N Samuels',384,9,'West Indies'),('M N van Wyk',5,0,'South Africa'),('M N Waller',14,0,'Zimbabwe'),('M Ntini',0,6,'Sri Lanka'),('M O Odumbe',109,3,'Kenya'),('M S Atapattu',202,0,'Sri Lanka'),('M S Dhoni',578,1,'India'),('M S Sinclair',92,0,'Zimbabwe'),('M S Wade',73,0,'Australia'),('M Sheikh',7,0,'Kenya'),('M V Boucher',56,0,'South Africa'),('M V Dillon',6,3,'West Indies'),('M V Nagamootoo',14,1,'Zimbabwe'),('M W Goodwin',34,0,'Zimbabwe'),('Manjural Islam',6,1,'Bangladesh'),('Mashrafe Bin Mortaza',15,6,'Bangladesh'),('Mehrab Hossain',2,0,'Bangladesh'),('Mirwais Ashraf',12,0,'Afghanistan'),('Misbah-ul-Haq',268,0,'Pakistan'),('Mohammad Amir',27,5,'Pakistan'),('Mohammad Ashraful',20,0,'Bangladesh'),('Mohammad Asif',0,3,'Pakistan'),('Mohammad Hafeez',239,5,'Pakistan'),('Mohammad Kaif',102,0,'India'),('Mohammad Mahmudullah',66,3,'Bangladesh'),('Mohammad Nabi',39,1,'Afghanistan'),('Mohammad Rafique',0,1,'Bangladesh'),('Mohammad Shahzad',31,0,'Afghanistan'),('Mohammad Yousuf',211,0,'Pakistan'),('Mohammed Shami',8,8,'India'),('Moin Khan',11,0,'Pakistan'),('Mominul Haque',63,2,'Bangladesh'),('Mushfiqur Rahim',91,0,'Bangladesh'),('Mushtaq Ahmed',0,4,'Pakistan'),('N A M McLean',47,4,'Zimbabwe'),('N Boje',72,4,'South Africa'),('N C Johnson',66,5,'Zimbabwe'),('N D McKenzie',18,0,'Sri Lanka'),('N H Fairbrother',39,0,'England'),('N Hussain',102,0,'Sri Lanka'),('N J Astle',355,5,'New Zealand'),('N J N O\'Brien',6,0,'Ireland'),('N L McCullum',81,5,'New Zealand'),('N L T Perera',152,13,'Sri Lanka'),('N M Coulter-Nile',7,1,'Australia'),('N M Hauritz',9,4,'Australia'),('N M K Smith',11,1,'England'),('N O Miller',17,0,'West Indies'),('N R Dyer',0,2,'Scotland'),('N R Kumar',9,0,'Canada'),('N R Mongia',101,0,'India'),('N S Sidhu',175,0,'India'),('N T Broom',72,0,'New Zealand'),('N W Bracken',0,2,'Australia'),('Naeem Islam',84,0,'Bangladesh'),('Naimuir Rahman',18,1,'Bangladesh'),('Najibullah Zadran',23,0,'Afghanistan'),('Nasir Hossain',94,0,'Bangladesh'),('Nasir Jamshed',190,0,'Pakistan'),('Naved-ul-Hasan',26,3,'Pakistan'),('Nawroz Mangal',11,0,'Afghanistan'),('Nazimuddin',30,0,'Bangladesh'),('Noor Ali Zadran',9,0,'Afghanistan'),('O A Shah',101,0,'England'),('O D Gibson',7,0,'West Indies'),('P A de Silva',96,5,'Sri Lanka'),('P A J De Freitas',89,1,'England'),('P A Strang',61,3,'Zimbabwe '),('P D Collingwood',156,1,'England'),('P J Forrest',102,0,'Australia'),('P J Hughes',2,0,'Australia'),('P J Martin',4,4,'England'),('P J Ongondo',1,3,'Kenya'),('P J Wiseman',7,0,'New Zealand'),('P Kumar',43,11,'India'),('P L Mommsen',5,0,'Scotland'),('P L Symcox',25,4,'South Africa'),('P M Siddle',0,5,'Australia'),('P P Ojha',5,1,'India'),('P R Adams',10,3,'South Africa'),('P R Reiffel',11,1,'Australia'),('P R Stirling',6,2,'Ireland'),('P S De Villiers',12,2,'South Africa'),('P Utseya',8,2,'Zimbabwe'),('P V Simmons',5,1,'West Indies'),('P W Gunaratne',0,2,'Sri Lanka'),('Q de Kock',275,0,'South Africa'),('R A Harper',56,8,'West Indies'),('R A Jadeja',129,8,'India'),('R A P Nissanka',0,0,'Sri Lanka'),('R A Smith',25,0,'England'),('R Ashwin',96,16,'India'),('R B Richardson',199,0,'West Indies'),('R C Russell',23,0,'England'),('R D B Croft',0,1,'England'),('R D Berrington',9,0,'Scotland'),('R D Jacobs',103,0,'West Indies'),('R D Shah',144,0,'Kenya'),('R Dravid',266,0,'India'),('R E van der Merwe',0,0,'South Africa'),('R G Sharma',313,1,'India'),('R G Twose',194,0,'New Zealand'),('R Gunasekera',53,0,'Canada'),('R I C Holder',5,0,'West Indies'),('R J Harris',2,1,'Australia'),('R J Kennedy',2,1,'New Zealand'),('R J Nicol',75,7,'New Zealand'),('R J Peterson',41,5,'South Africa'),('R J Sidebottom',20,1,'England'),('R K Illingworth',3,2,'England'),('R L Powell',118,1,'West Indies'),('R M Haq',0,2,'Scotland'),('R McLaren',29,5,'South Africa'),('R P Arnold',65,0,'Sri Lanka'),('R P Singh',2,1,'India'),('R R Sarwan',103,0,'West Indies'),('R R Singh',39,0,'India'),('R Rampaul',1,10,'West Indies'),('R S Bopara',190,6,'England'),('R S Kaluwitharana',262,0,'Sri Lanka'),('R S Mahanama',74,0,'Sri Lanka'),('R Sharma',0,1,'India'),('R T Crandon',5,0,'West Indies'),('R T Ponting',839,1,'Australia'),('R Telemachus',0,2,'South Africa'),('R Vinay Kumar',0,4,'India'),('R W Ali',0,0,'Kenya'),('R W Chakabva',2,0,'Zimbabwe'),('R W Price',26,0,'Zimbabwe'),('Ramiz Raja',2,0,'Pakistan'),('Raqibul Hasan Jnr',28,0,'Bangladesh'),('Rashid Latif',26,0,'Pakistan'),('Rubel Hossain',3,1,'Bangladesh'),('S A Ankola',0,0,'India'),('S A Thomson',59,1,'New Zealand'),('S B Styris',94,5,'New Zealand'),('S C Ganguly',292,2,'India'),('S C J Broad',1,8,'England'),('S C Williams',15,0,'Zimbabwe'),('S Chanderpaul',292,0,'West Indies'),('S Dhawan',148,0,'India'),('S E Bond',6,13,'New Zealand'),('S E Marsh',25,0,'Australia'),('S Elworthy',23,1,'South Africa'),('S G Law',105,0,'Australia'),('S G Peall',9,0,'Zimbabwe '),('S H T Kandamby',49,2,'Sri Lanka'),('S J Benn',13,1,'West Indies'),('S J Palframan',45,0,'South Africa'),('S K Raina',507,2,'India'),('S K Warne',21,14,'Australia'),('S L Campbell',61,0,'West Indies'),('S L Malinga',79,18,'Sri Lanka'),('S L V Raju',0,2,'India'),('S L Venkatapathy Raju',3,6,'India'),('S Lee',11,1,'Australia'),('S M Davies',5,0,'England'),('S M Ervine',43,2,'Zimbabwe'),('S M Katich',0,0,'Zimbabwe'),('S M Pollock',41,10,'South Africa'),('S M S Senanayake',0,0,'Sri Lanka'),('S Matsikenyeri',2,0,'Zimbabwe'),('S O Tikolo',254,4,'Kenya'),('S P Fleming',304,0,'New Zealand'),('S P Narine',12,11,'West Indies'),('S R Tendulkar',1019,2,'India'),('S R Watson',538,12,'Australia'),('S R Waugh',152,4,'Australia'),('S Ramesh',55,0,'India'),('S Randiv',0,0,'Sri Lanka'),('S Sreesanth',0,0,'India'),('S T Finn',0,3,'England'),('S T Jayasuriya',371,11,'Sri Lanka'),('S V Carlisle',116,0,'Zimbabwe'),('S V Manjrekar',116,0,'India'),('S W Masakadza',2,4,'Zimbabwe'),('S W Tait',0,1,'Australia'),('Saeed Ajmal',25,16,'Pakistan'),('Saeed Anwar',145,0,'Pakistan'),('Saleem Malik',133,2,'Pakistan'),('Salman Butt',74,0,'Pakistan'),('Samiullah Shenwari',51,1,'Afghanistan'),('Saqlain Mushtaq',2,3,'Pakistan'),('Sarfraz Ahmed',19,0,'Pakistan'),('Shafiul Islam',1,1,'Bangladesh'),('Shahadat Hossain',0,3,'Bangladesh'),('Shahid Afridi',226,18,'Pakistan'),('Shahriar Hossain',0,0,'Bangladesh'),('Shahzaib Hasan',11,0,'Pakistan'),('Shakib Al Hasan',126,5,'Bangladesh'),('Shamsur Rahman',121,0,'Bangladesh'),('Shapoor Zadran',2,3,'Afghanistan'),('Shoaib Akhtar',4,7,'Pakistan'),('Shoaib Malik',204,3,'Pakistan'),('Sikandar Raza',82,0,'Zimbabwe'),('Sohag Gazi',37,4,'Bangladesh'),('Sohaib Maqsood',47,0,'Pakistan'),('Sohail Tanvir',6,1,'Pakistan'),('Suhrawadi Shuvo',4,0,'Bangladesh'),('Syed Rasel',0,0,'Bangladesh'),('T A Boult',6,1,'New Zealand'),('T C Mutombodzi',8,0,'Zimbabwe'),('T D Paine',84,0,'Australia'),('T G Southee',48,12,'New Zealand'),('T J Friend',40,3,'Zimbabwe'),('T J Murtagh',15,0,'Ireland'),('T L Best',8,6,'West Indies'),('T L Chatara',0,0,'Zimbabwe'),('T M Dilshan',397,2,'Sri Lanka'),('T M Dowlin',14,0,'West Indies'),('T M Odoyo',120,5,'Kenya'),('T N Madondo',15,0,'New Zealand'),('T S Nethula',3,3,'New Zealand'),('T T Bresnan',120,2,'England'),('T T Samaraweera',61,0,'Sri Lanka'),('T Taibu',78,0,'Zimbabwe'),('T Thushara',11,0,'Sri Lanka'),('T W M Latham',112,0,'New Zealand'),('Tamim Iqbal',214,0,'Bangladesh'),('U D U Chandana',9,0,'Sri Lanka'),('U T Yadav',1,4,'India'),('U W M Welegedara',0,0,'Sri Lanka'),('Umar Akmal',172,0,'Pakistan'),('Umar Amin',37,0,'Pakistan'),('Umar Gul',45,10,'Pakistan'),('Usman Limbada',0,0,'Canada'),('V D Philander',30,6,'South Africa'),('V G Kambli',166,0,'India'),('V Kohli',1127,1,'India'),('V Permaul',0,0,'West Indies'),('V Sehwag',657,6,'India'),('V Sibanda',34,0,'Zimbabwe'),('W B Rankin',4,3,'England'),('W D Parnell',65,4,'South Africa'),('W J Cronje',213,2,'South Africa'),('W P U Vaas',65,17,'Sri Lanka'),('W T S Porterfield',7,0,'Ireland'),('W U Tharanga',259,0,'Sri Lanka'),('W W Hinds',63,0,'Zimbabwe'),('Wahab Riaz',0,2,'Pakistan'),('Waqar Younis',4,7,'Pakistan'),('Wasim Akram',103,0,'Pakistan'),('X J Doherty',1,4,'Australia'),('Y K Pathan',24,2,'India'),('Younis Khan',259,0,'Pakistan'),('Yuvraj Singh',303,7,'India'),('Zaheer Khan',11,31,'India'),('Zeeshan Siddiqi',43,0,'Canada'),('Ziaur Rahman',22,0,'Bangladesh');
/*!40000 ALTER TABLE `players` ENABLE KEYS */;
UNLOCK TABLES;

--
-- Dumping events for database 'cricket'
--

--
-- Dumping routines for database 'cricket'
--
/*!40103 SET TIME_ZONE=@OLD_TIME_ZONE */;

/*!40101 SET SQL_MODE=@OLD_SQL_MODE */;
/*!40014 SET FOREIGN_KEY_CHECKS=@OLD_FOREIGN_KEY_CHECKS */;
/*!40014 SET UNIQUE_CHECKS=@OLD_UNIQUE_CHECKS */;
/*!40101 SET CHARACTER_SET_CLIENT=@OLD_CHARACTER_SET_CLIENT */;
/*!40101 SET CHARACTER_SET_RESULTS=@OLD_CHARACTER_SET_RESULTS */;
/*!40101 SET COLLATION_CONNECTION=@OLD_COLLATION_CONNECTION */;
/*!40111 SET SQL_NOTES=@OLD_SQL_NOTES */;

-- Dump completed on 2015-10-30 21:11:23
